node_id,kind,module,qualname,file,line_start,line_end,is_external,source_kind
AttributeError,class,,AttributeError,.,-1,-1,True,external_placeholder
IndexError,class,,IndexError,.,-1,-1,True,external_placeholder
KeyError,class,,KeyError,.,-1,-1,True,external_placeholder
NamedShape,class,,NamedShape,.,-1,-1,True,external_placeholder
NotImplementedError,class,,NotImplementedError,.,-1,-1,True,external_placeholder
Parameter,class,,Parameter,.,-1,-1,True,external_placeholder
RuntimeError,class,,RuntimeError,.,-1,-1,True,external_placeholder
T_destination,class,,T_destination,.,-1,-1,True,external_placeholder
TypeError,class,,TypeError,.,-1,-1,True,external_placeholder
ValueError,class,,ValueError,.,-1,-1,True,external_placeholder
abc.ABC,constant_symbol,abc,ABC,.,-1,-1,True,external_placeholder
collections.OrderedDict,class,collections,OrderedDict,.,-1,-1,True,external_placeholder
collections.namedtuple,symbol,collections,namedtuple,.,-1,-1,True,external_placeholder
torch.Size,class,torch,Size,.,-1,-1,True,external_placeholder
torch.Tensor,class,torch,Tensor,.,-1,-1,True,external_placeholder
torch.autograd.Function,class,torch.autograd,Function,.,-1,-1,True,external_placeholder
torch.autograd.function.Function,class,torch.autograd.function,Function,.,-1,-1,True,external_placeholder
torch.device,symbol,torch,device,.,-1,-1,True,external_placeholder
torch.dtype,symbol,torch,dtype,.,-1,-1,True,external_placeholder
torch.nn.BatchNorm2d,class,torch.nn,BatchNorm2d,.,-1,-1,True,external_placeholder
torch.nn.BatchNorm3d,class,torch.nn,BatchNorm3d,.,-1,-1,True,external_placeholder
torch.nn.Conv1d,class,torch.nn,Conv1d,.,-1,-1,True,external_placeholder
torch.nn.Conv2d,class,torch.nn,Conv2d,.,-1,-1,True,external_placeholder
torch.nn.Conv3d,class,torch.nn,Conv3d,.,-1,-1,True,external_placeholder
torch.nn.ConvTranspose1d,class,torch.nn,ConvTranspose1d,.,-1,-1,True,external_placeholder
torch.nn.ConvTranspose2d,class,torch.nn,ConvTranspose2d,.,-1,-1,True,external_placeholder
torch.nn.ELU,constant_symbol,torch.nn,ELU,.,-1,-1,True,external_placeholder
torch.nn.GroupNorm,class,torch.nn,GroupNorm,.,-1,-1,True,external_placeholder
torch.nn.Hardswish,class,torch.nn,Hardswish,.,-1,-1,True,external_placeholder
torch.nn.Identity,class,torch.nn,Identity,.,-1,-1,True,external_placeholder
torch.nn.InstanceNorm1d,class,torch.nn,InstanceNorm1d,.,-1,-1,True,external_placeholder
torch.nn.InstanceNorm2d,class,torch.nn,InstanceNorm2d,.,-1,-1,True,external_placeholder
torch.nn.InstanceNorm3d,class,torch.nn,InstanceNorm3d,.,-1,-1,True,external_placeholder
torch.nn.LSTM,constant_symbol,torch.nn,LSTM,.,-1,-1,True,external_placeholder
torch.nn.LayerNorm,class,torch.nn,LayerNorm,.,-1,-1,True,external_placeholder
torch.nn.Linear,class,torch.nn,Linear,.,-1,-1,True,external_placeholder
torch.nn.Module,class,torch.nn,Module,.,-1,-1,True,external_placeholder
torch.nn.ModuleList,class,torch.nn,ModuleList,.,-1,-1,True,external_placeholder
torch.nn.RNNBase,class,torch.nn,RNNBase,.,-1,-1,True,external_placeholder
torch.nn.ReLU,class,torch.nn,ReLU,.,-1,-1,True,external_placeholder
torch.nn.Sequential,class,torch.nn,Sequential,.,-1,-1,True,external_placeholder
torch.nn.SyncBatchNorm,class,torch.nn,SyncBatchNorm,.,-1,-1,True,external_placeholder
torch.nn.cpp.ModuleWrapper,class,torch.nn.cpp,ModuleWrapper,/home/ota/VM/pytorch/pytorch-1.7.1/lib/python3.6/site-packages/torch/nn/cpp.py,49,90,False,python_source
torch.nn.cpp.OrderedDictWrapper,class,torch.nn.cpp,OrderedDictWrapper,/home/ota/VM/pytorch/pytorch-1.7.1/lib/python3.6/site-packages/torch/nn/cpp.py,6,46,False,python_source
torch.nn.intrinsic.BNReLU2d,class,torch.nn.intrinsic,BNReLU2d,.,-1,-1,True,external_placeholder
torch.nn.intrinsic.BNReLU3d,class,torch.nn.intrinsic,BNReLU3d,.,-1,-1,True,external_placeholder
torch.nn.intrinsic.ConvBn2d,class,torch.nn.intrinsic,ConvBn2d,.,-1,-1,True,external_placeholder
torch.nn.intrinsic.ConvBnReLU2d,class,torch.nn.intrinsic,ConvBnReLU2d,.,-1,-1,True,external_placeholder
torch.nn.intrinsic.ConvReLU1d,class,torch.nn.intrinsic,ConvReLU1d,.,-1,-1,True,external_placeholder
torch.nn.intrinsic.ConvReLU2d,class,torch.nn.intrinsic,ConvReLU2d,.,-1,-1,True,external_placeholder
torch.nn.intrinsic.ConvReLU3d,class,torch.nn.intrinsic,ConvReLU3d,.,-1,-1,True,external_placeholder
torch.nn.intrinsic.LinearReLU,class,torch.nn.intrinsic,LinearReLU,.,-1,-1,True,external_placeholder
torch.nn.intrinsic.modules.fused.BNReLU2d,class,torch.nn.intrinsic.modules.fused,BNReLU2d,/home/ota/VM/pytorch/pytorch-1.7.1/lib/python3.6/site-packages/torch/nn/intrinsic/modules/fused.py,95,102,False,python_source
torch.nn.intrinsic.modules.fused.BNReLU3d,class,torch.nn.intrinsic.modules.fused,BNReLU3d,/home/ota/VM/pytorch/pytorch-1.7.1/lib/python3.6/site-packages/torch/nn/intrinsic/modules/fused.py,104,111,False,python_source
torch.nn.intrinsic.modules.fused.ConvBn1d,class,torch.nn.intrinsic.modules.fused,ConvBn1d,/home/ota/VM/pytorch/pytorch-1.7.1/lib/python3.6/site-packages/torch/nn/intrinsic/modules/fused.py,40,47,False,python_source
torch.nn.intrinsic.modules.fused.ConvBn2d,class,torch.nn.intrinsic.modules.fused,ConvBn2d,/home/ota/VM/pytorch/pytorch-1.7.1/lib/python3.6/site-packages/torch/nn/intrinsic/modules/fused.py,49,56,False,python_source
torch.nn.intrinsic.modules.fused.ConvBn3d,class,torch.nn.intrinsic.modules.fused,ConvBn3d,/home/ota/VM/pytorch/pytorch-1.7.1/lib/python3.6/site-packages/torch/nn/intrinsic/modules/fused.py,76,83,False,python_source
torch.nn.intrinsic.modules.fused.ConvBnReLU1d,class,torch.nn.intrinsic.modules.fused,ConvBnReLU1d,/home/ota/VM/pytorch/pytorch-1.7.1/lib/python3.6/site-packages/torch/nn/intrinsic/modules/fused.py,58,65,False,python_source
torch.nn.intrinsic.modules.fused.ConvBnReLU2d,class,torch.nn.intrinsic.modules.fused,ConvBnReLU2d,/home/ota/VM/pytorch/pytorch-1.7.1/lib/python3.6/site-packages/torch/nn/intrinsic/modules/fused.py,67,74,False,python_source
torch.nn.intrinsic.modules.fused.ConvBnReLU3d,class,torch.nn.intrinsic.modules.fused,ConvBnReLU3d,/home/ota/VM/pytorch/pytorch-1.7.1/lib/python3.6/site-packages/torch/nn/intrinsic/modules/fused.py,85,92,False,python_source
torch.nn.intrinsic.modules.fused.ConvReLU1d,class,torch.nn.intrinsic.modules.fused,ConvReLU1d,/home/ota/VM/pytorch/pytorch-1.7.1/lib/python3.6/site-packages/torch/nn/intrinsic/modules/fused.py,4,11,False,python_source
torch.nn.intrinsic.modules.fused.ConvReLU2d,class,torch.nn.intrinsic.modules.fused,ConvReLU2d,/home/ota/VM/pytorch/pytorch-1.7.1/lib/python3.6/site-packages/torch/nn/intrinsic/modules/fused.py,13,20,False,python_source
torch.nn.intrinsic.modules.fused.ConvReLU3d,class,torch.nn.intrinsic.modules.fused,ConvReLU3d,/home/ota/VM/pytorch/pytorch-1.7.1/lib/python3.6/site-packages/torch/nn/intrinsic/modules/fused.py,22,29,False,python_source
torch.nn.intrinsic.modules.fused.LinearReLU,class,torch.nn.intrinsic.modules.fused,LinearReLU,/home/ota/VM/pytorch/pytorch-1.7.1/lib/python3.6/site-packages/torch/nn/intrinsic/modules/fused.py,31,38,False,python_source
torch.nn.intrinsic.qat.modules.conv_fused.ConvBn2d,class,torch.nn.intrinsic.qat.modules.conv_fused,ConvBn2d,/home/ota/VM/pytorch/pytorch-1.7.1/lib/python3.6/site-packages/torch/nn/intrinsic/qat/modules/conv_fused.py,193,234,False,python_source
torch.nn.intrinsic.qat.modules.conv_fused.ConvBnReLU2d,class,torch.nn.intrinsic.qat.modules.conv_fused,ConvBnReLU2d,/home/ota/VM/pytorch/pytorch-1.7.1/lib/python3.6/site-packages/torch/nn/intrinsic/qat/modules/conv_fused.py,236,281,False,python_source
torch.nn.intrinsic.qat.modules.conv_fused.ConvReLU2d,class,torch.nn.intrinsic.qat.modules.conv_fused,ConvReLU2d,/home/ota/VM/pytorch/pytorch-1.7.1/lib/python3.6/site-packages/torch/nn/intrinsic/qat/modules/conv_fused.py,283,316,False,python_source
torch.nn.intrinsic.qat.modules.conv_fused._ConvBnNd,class,torch.nn.intrinsic.qat.modules.conv_fused,_ConvBnNd,/home/ota/VM/pytorch/pytorch-1.7.1/lib/python3.6/site-packages/torch/nn/intrinsic/qat/modules/conv_fused.py,11,191,False,python_source
torch.nn.intrinsic.qat.modules.linear_relu.LinearReLU,class,torch.nn.intrinsic.qat.modules.linear_relu,LinearReLU,/home/ota/VM/pytorch/pytorch-1.7.1/lib/python3.6/site-packages/torch/nn/intrinsic/qat/modules/linear_relu.py,5,38,False,python_source
torch.nn.intrinsic.quantized.modules.bn_relu.BNReLU2d,class,torch.nn.intrinsic.quantized.modules.bn_relu,BNReLU2d,/home/ota/VM/pytorch/pytorch-1.7.1/lib/python3.6/site-packages/torch/nn/intrinsic/quantized/modules/bn_relu.py,8,38,False,python_source
torch.nn.intrinsic.quantized.modules.bn_relu.BNReLU3d,class,torch.nn.intrinsic.quantized.modules.bn_relu,BNReLU3d,/home/ota/VM/pytorch/pytorch-1.7.1/lib/python3.6/site-packages/torch/nn/intrinsic/quantized/modules/bn_relu.py,41,71,False,python_source
torch.nn.intrinsic.quantized.modules.conv_relu.ConvReLU1d,class,torch.nn.intrinsic.quantized.modules.conv_relu,ConvReLU1d,/home/ota/VM/pytorch/pytorch-1.7.1/lib/python3.6/site-packages/torch/nn/intrinsic/quantized/modules/conv_relu.py,9,42,False,python_source
torch.nn.intrinsic.quantized.modules.conv_relu.ConvReLU2d,class,torch.nn.intrinsic.quantized.modules.conv_relu,ConvReLU2d,/home/ota/VM/pytorch/pytorch-1.7.1/lib/python3.6/site-packages/torch/nn/intrinsic/quantized/modules/conv_relu.py,44,81,False,python_source
torch.nn.intrinsic.quantized.modules.conv_relu.ConvReLU3d,class,torch.nn.intrinsic.quantized.modules.conv_relu,ConvReLU3d,/home/ota/VM/pytorch/pytorch-1.7.1/lib/python3.6/site-packages/torch/nn/intrinsic/quantized/modules/conv_relu.py,84,117,False,python_source
torch.nn.intrinsic.quantized.modules.linear_relu.LinearReLU,class,torch.nn.intrinsic.quantized.modules.linear_relu,LinearReLU,/home/ota/VM/pytorch/pytorch-1.7.1/lib/python3.6/site-packages/torch/nn/intrinsic/quantized/modules/linear_relu.py,5,39,False,python_source
torch.nn.modules._functions.CrossMapLRN2d,class,torch.nn.modules._functions,CrossMapLRN2d,/home/ota/VM/pytorch/pytorch-1.7.1/lib/python3.6/site-packages/torch/nn/modules/_functions.py,107,198,False,python_source
torch.nn.modules._functions.SyncBatchNorm,class,torch.nn.modules._functions,SyncBatchNorm,/home/ota/VM/pytorch/pytorch-1.7.1/lib/python3.6/site-packages/torch/nn/modules/_functions.py,6,105,False,python_source
torch.nn.modules.activation.CELU,class,torch.nn.modules.activation,CELU,/home/ota/VM/pytorch/pytorch-1.7.1/lib/python3.6/site-packages/torch/nn/modules/activation.py,484,526,False,python_source
torch.nn.modules.activation.ELU,class,torch.nn.modules.activation,ELU,/home/ota/VM/pytorch/pytorch-1.7.1/lib/python3.6/site-packages/torch/nn/modules/activation.py,441,481,False,python_source
torch.nn.modules.activation.GELU,class,torch.nn.modules.activation,GELU,/home/ota/VM/pytorch/pytorch-1.7.1/lib/python3.6/site-packages/torch/nn/modules/activation.py,606,627,False,python_source
torch.nn.modules.activation.GLU,class,torch.nn.modules.activation,GLU,/home/ota/VM/pytorch/pytorch-1.7.1/lib/python3.6/site-packages/torch/nn/modules/activation.py,573,603,False,python_source
torch.nn.modules.activation.Hardshrink,class,torch.nn.modules.activation,Hardshrink,/home/ota/VM/pytorch/pytorch-1.7.1/lib/python3.6/site-packages/torch/nn/modules/activation.py,630,668,False,python_source
torch.nn.modules.activation.Hardsigmoid,class,torch.nn.modules.activation,Hardsigmoid,/home/ota/VM/pytorch/pytorch-1.7.1/lib/python3.6/site-packages/torch/nn/modules/activation.py,302,335,False,python_source
torch.nn.modules.activation.Hardswish,class,torch.nn.modules.activation,Hardswish,/home/ota/VM/pytorch/pytorch-1.7.1/lib/python3.6/site-packages/torch/nn/modules/activation.py,400,438,False,python_source
torch.nn.modules.activation.Hardtanh,class,torch.nn.modules.activation,Hardtanh,/home/ota/VM/pytorch/pytorch-1.7.1/lib/python3.6/site-packages/torch/nn/modules/activation.py,173,243,False,python_source
torch.nn.modules.activation.LeakyReLU,class,torch.nn.modules.activation,LeakyReLU,/home/ota/VM/pytorch/pytorch-1.7.1/lib/python3.6/site-packages/torch/nn/modules/activation.py,671,718,False,python_source
torch.nn.modules.activation.LogSigmoid,class,torch.nn.modules.activation,LogSigmoid,/home/ota/VM/pytorch/pytorch-1.7.1/lib/python3.6/site-packages/torch/nn/modules/activation.py,721,742,False,python_source
torch.nn.modules.activation.LogSoftmax,class,torch.nn.modules.activation,LogSoftmax,/home/ota/VM/pytorch/pytorch-1.7.1/lib/python3.6/site-packages/torch/nn/modules/activation.py,1231,1272,False,python_source
torch.nn.modules.activation.MultiheadAttention,class,torch.nn.modules.activation,MultiheadAttention,/home/ota/VM/pytorch/pytorch-1.7.1/lib/python3.6/site-packages/torch/nn/modules/activation.py,831,985,False,python_source
torch.nn.modules.activation.PReLU,class,torch.nn.modules.activation,PReLU,/home/ota/VM/pytorch/pytorch-1.7.1/lib/python3.6/site-packages/torch/nn/modules/activation.py,988,1049,False,python_source
torch.nn.modules.activation.RReLU,class,torch.nn.modules.activation,RReLU,/home/ota/VM/pytorch/pytorch-1.7.1/lib/python3.6/site-packages/torch/nn/modules/activation.py,109,170,False,python_source
torch.nn.modules.activation.ReLU,class,torch.nn.modules.activation,ReLU,/home/ota/VM/pytorch/pytorch-1.7.1/lib/python3.6/site-packages/torch/nn/modules/activation.py,66,106,False,python_source
torch.nn.modules.activation.ReLU6,class,torch.nn.modules.activation,ReLU6,/home/ota/VM/pytorch/pytorch-1.7.1/lib/python3.6/site-packages/torch/nn/modules/activation.py,246,274,False,python_source
torch.nn.modules.activation.SELU,class,torch.nn.modules.activation,SELU,/home/ota/VM/pytorch/pytorch-1.7.1/lib/python3.6/site-packages/torch/nn/modules/activation.py,529,570,False,python_source
torch.nn.modules.activation.SiLU,class,torch.nn.modules.activation,SiLU,/home/ota/VM/pytorch/pytorch-1.7.1/lib/python3.6/site-packages/torch/nn/modules/activation.py,361,398,False,python_source
torch.nn.modules.activation.Sigmoid,class,torch.nn.modules.activation,Sigmoid,/home/ota/VM/pytorch/pytorch-1.7.1/lib/python3.6/site-packages/torch/nn/modules/activation.py,277,299,False,python_source
torch.nn.modules.activation.Softmax,class,torch.nn.modules.activation,Softmax,/home/ota/VM/pytorch/pytorch-1.7.1/lib/python3.6/site-packages/torch/nn/modules/activation.py,1147,1201,False,python_source
torch.nn.modules.activation.Softmax2d,class,torch.nn.modules.activation,Softmax2d,/home/ota/VM/pytorch/pytorch-1.7.1/lib/python3.6/site-packages/torch/nn/modules/activation.py,1204,1228,False,python_source
torch.nn.modules.activation.Softmin,class,torch.nn.modules.activation,Softmin,/home/ota/VM/pytorch/pytorch-1.7.1/lib/python3.6/site-packages/torch/nn/modules/activation.py,1100,1145,False,python_source
torch.nn.modules.activation.Softplus,class,torch.nn.modules.activation,Softplus,/home/ota/VM/pytorch/pytorch-1.7.1/lib/python3.6/site-packages/torch/nn/modules/activation.py,745,787,False,python_source
torch.nn.modules.activation.Softshrink,class,torch.nn.modules.activation,Softshrink,/home/ota/VM/pytorch/pytorch-1.7.1/lib/python3.6/site-packages/torch/nn/modules/activation.py,790,828,False,python_source
torch.nn.modules.activation.Softsign,class,torch.nn.modules.activation,Softsign,/home/ota/VM/pytorch/pytorch-1.7.1/lib/python3.6/site-packages/torch/nn/modules/activation.py,1052,1073,False,python_source
torch.nn.modules.activation.Tanh,class,torch.nn.modules.activation,Tanh,/home/ota/VM/pytorch/pytorch-1.7.1/lib/python3.6/site-packages/torch/nn/modules/activation.py,338,359,False,python_source
torch.nn.modules.activation.Tanhshrink,class,torch.nn.modules.activation,Tanhshrink,/home/ota/VM/pytorch/pytorch-1.7.1/lib/python3.6/site-packages/torch/nn/modules/activation.py,1076,1097,False,python_source
torch.nn.modules.activation.Threshold,class,torch.nn.modules.activation,Threshold,/home/ota/VM/pytorch/pytorch-1.7.1/lib/python3.6/site-packages/torch/nn/modules/activation.py,15,63,False,python_source
torch.nn.modules.adaptive.AdaptiveLogSoftmaxWithLoss,class,torch.nn.modules.adaptive,AdaptiveLogSoftmaxWithLoss,/home/ota/VM/pytorch/pytorch-1.7.1/lib/python3.6/site-packages/torch/nn/modules/adaptive.py,18,289,False,python_source
torch.nn.modules.adaptive._ASMoutput,generated_class,torch.nn.modules.adaptive,_ASMoutput,/home/ota/VM/pytorch/pytorch-1.7.1/lib/python3.6/site-packages/torch/nn/modules/adaptive.py,15,15,False,factory_generated
torch.nn.modules.batchnorm.BatchNorm1d,class,torch.nn.modules.batchnorm,BatchNorm1d,/home/ota/VM/pytorch/pytorch-1.7.1/lib/python3.6/site-packages/torch/nn/modules/batchnorm.py,139,209,False,python_source
torch.nn.modules.batchnorm.BatchNorm2d,class,torch.nn.modules.batchnorm,BatchNorm2d,/home/ota/VM/pytorch/pytorch-1.7.1/lib/python3.6/site-packages/torch/nn/modules/batchnorm.py,212,282,False,python_source
torch.nn.modules.batchnorm.BatchNorm3d,class,torch.nn.modules.batchnorm,BatchNorm3d,/home/ota/VM/pytorch/pytorch-1.7.1/lib/python3.6/site-packages/torch/nn/modules/batchnorm.py,285,356,False,python_source
torch.nn.modules.batchnorm.SyncBatchNorm,class,torch.nn.modules.batchnorm,SyncBatchNorm,/home/ota/VM/pytorch/pytorch-1.7.1/lib/python3.6/site-packages/torch/nn/modules/batchnorm.py,359,584,False,python_source
torch.nn.modules.batchnorm._BatchNorm,class,torch.nn.modules.batchnorm,_BatchNorm,/home/ota/VM/pytorch/pytorch-1.7.1/lib/python3.6/site-packages/torch/nn/modules/batchnorm.py,90,136,False,python_source
torch.nn.modules.batchnorm._NormBase,class,torch.nn.modules.batchnorm,_NormBase,/home/ota/VM/pytorch/pytorch-1.7.1/lib/python3.6/site-packages/torch/nn/modules/batchnorm.py,12,87,False,python_source
torch.nn.modules.channelshuffle.ChannelShuffle,class,torch.nn.modules.channelshuffle,ChannelShuffle,/home/ota/VM/pytorch/pytorch-1.7.1/lib/python3.6/site-packages/torch/nn/modules/channelshuffle.py,5,49,False,python_source
torch.nn.modules.container.Container,class,torch.nn.modules.container,Container,/home/ota/VM/pytorch/pytorch-1.7.1/lib/python3.6/site-packages/torch/nn/modules/container.py,17,25,False,python_source
torch.nn.modules.container.ModuleDict,class,torch.nn.modules.container,ModuleDict,/home/ota/VM/pytorch/pytorch-1.7.1/lib/python3.6/site-packages/torch/nn/modules/container.py,235,372,False,python_source
torch.nn.modules.container.ModuleList,class,torch.nn.modules.container,ModuleList,/home/ota/VM/pytorch/pytorch-1.7.1/lib/python3.6/site-packages/torch/nn/modules/container.py,121,232,False,python_source
torch.nn.modules.container.ParameterDict,class,torch.nn.modules.container,ParameterDict,/home/ota/VM/pytorch/pytorch-1.7.1/lib/python3.6/site-packages/torch/nn/modules/container.py,497,649,False,python_source
torch.nn.modules.container.ParameterList,class,torch.nn.modules.container,ParameterList,/home/ota/VM/pytorch/pytorch-1.7.1/lib/python3.6/site-packages/torch/nn/modules/container.py,375,494,False,python_source
torch.nn.modules.container.Sequential,class,torch.nn.modules.container,Sequential,/home/ota/VM/pytorch/pytorch-1.7.1/lib/python3.6/site-packages/torch/nn/modules/container.py,28,118,False,python_source
torch.nn.modules.conv.Conv1d,class,torch.nn.modules.conv,Conv1d,/home/ota/VM/pytorch/pytorch-1.7.1/lib/python3.6/site-packages/torch/nn/modules/conv.py,115,259,False,python_source
torch.nn.modules.conv.Conv2d,class,torch.nn.modules.conv,Conv2d,/home/ota/VM/pytorch/pytorch-1.7.1/lib/python3.6/site-packages/torch/nn/modules/conv.py,262,423,False,python_source
torch.nn.modules.conv.Conv3d,class,torch.nn.modules.conv,Conv3d,/home/ota/VM/pytorch/pytorch-1.7.1/lib/python3.6/site-packages/torch/nn/modules/conv.py,425,573,False,python_source
torch.nn.modules.conv.ConvTranspose1d,class,torch.nn.modules.conv,ConvTranspose1d,/home/ota/VM/pytorch/pytorch-1.7.1/lib/python3.6/site-packages/torch/nn/modules/conv.py,630,763,False,python_source
torch.nn.modules.conv.ConvTranspose2d,class,torch.nn.modules.conv,ConvTranspose2d,/home/ota/VM/pytorch/pytorch-1.7.1/lib/python3.6/site-packages/torch/nn/modules/conv.py,766,929,False,python_source
torch.nn.modules.conv.ConvTranspose3d,class,torch.nn.modules.conv,ConvTranspose3d,/home/ota/VM/pytorch/pytorch-1.7.1/lib/python3.6/site-packages/torch/nn/modules/conv.py,932,1091,False,python_source
torch.nn.modules.conv._ConvNd,class,torch.nn.modules.conv,_ConvNd,/home/ota/VM/pytorch/pytorch-1.7.1/lib/python3.6/site-packages/torch/nn/modules/conv.py,17,112,False,python_source
torch.nn.modules.conv._ConvTransposeMixin,class,torch.nn.modules.conv,_ConvTransposeMixin,/home/ota/VM/pytorch/pytorch-1.7.1/lib/python3.6/site-packages/torch/nn/modules/conv.py,1109,1114,False,python_source
torch.nn.modules.conv._ConvTransposeNd,class,torch.nn.modules.conv,_ConvTransposeNd,/home/ota/VM/pytorch/pytorch-1.7.1/lib/python3.6/site-packages/torch/nn/modules/conv.py,576,627,False,python_source
torch.nn.modules.distance.CosineSimilarity,class,torch.nn.modules.distance,CosineSimilarity,/home/ota/VM/pytorch/pytorch-1.7.1/lib/python3.6/site-packages/torch/nn/modules/distance.py,45,75,False,python_source
torch.nn.modules.distance.PairwiseDistance,class,torch.nn.modules.distance,PairwiseDistance,/home/ota/VM/pytorch/pytorch-1.7.1/lib/python3.6/site-packages/torch/nn/modules/distance.py,7,42,False,python_source
torch.nn.modules.dropout.AlphaDropout,class,torch.nn.modules.dropout,AlphaDropout,/home/ota/VM/pytorch/pytorch-1.7.1/lib/python3.6/site-packages/torch/nn/modules/dropout.py,145,184,False,python_source
torch.nn.modules.dropout.Dropout,class,torch.nn.modules.dropout,Dropout,/home/ota/VM/pytorch/pytorch-1.7.1/lib/python3.6/site-packages/torch/nn/modules/dropout.py,24,58,False,python_source
torch.nn.modules.dropout.Dropout2d,class,torch.nn.modules.dropout,Dropout2d,/home/ota/VM/pytorch/pytorch-1.7.1/lib/python3.6/site-packages/torch/nn/modules/dropout.py,61,100,False,python_source
torch.nn.modules.dropout.Dropout3d,class,torch.nn.modules.dropout,Dropout3d,/home/ota/VM/pytorch/pytorch-1.7.1/lib/python3.6/site-packages/torch/nn/modules/dropout.py,103,142,False,python_source
torch.nn.modules.dropout.FeatureAlphaDropout,class,torch.nn.modules.dropout,FeatureAlphaDropout,/home/ota/VM/pytorch/pytorch-1.7.1/lib/python3.6/site-packages/torch/nn/modules/dropout.py,187,233,False,python_source
torch.nn.modules.dropout._DropoutNd,class,torch.nn.modules.dropout,_DropoutNd,/home/ota/VM/pytorch/pytorch-1.7.1/lib/python3.6/site-packages/torch/nn/modules/dropout.py,7,21,False,python_source
torch.nn.modules.flatten.Flatten,class,torch.nn.modules.flatten,Flatten,/home/ota/VM/pytorch/pytorch-1.7.1/lib/python3.6/site-packages/torch/nn/modules/flatten.py,8,45,False,python_source
torch.nn.modules.flatten.Unflatten,class,torch.nn.modules.flatten,Unflatten,/home/ota/VM/pytorch/pytorch-1.7.1/lib/python3.6/site-packages/torch/nn/modules/flatten.py,48,136,False,python_source
torch.nn.modules.fold.Fold,class,torch.nn.modules.fold,Fold,/home/ota/VM/pytorch/pytorch-1.7.1/lib/python3.6/site-packages/torch/nn/modules/fold.py,9,151,False,python_source
torch.nn.modules.fold.Unfold,class,torch.nn.modules.fold,Unfold,/home/ota/VM/pytorch/pytorch-1.7.1/lib/python3.6/site-packages/torch/nn/modules/fold.py,154,299,False,python_source
torch.nn.modules.instancenorm.InstanceNorm1d,class,torch.nn.modules.instancenorm,InstanceNorm1d,/home/ota/VM/pytorch/pytorch-1.7.1/lib/python3.6/site-packages/torch/nn/modules/instancenorm.py,60,138,False,python_source
torch.nn.modules.instancenorm.InstanceNorm2d,class,torch.nn.modules.instancenorm,InstanceNorm2d,/home/ota/VM/pytorch/pytorch-1.7.1/lib/python3.6/site-packages/torch/nn/modules/instancenorm.py,141,212,False,python_source
torch.nn.modules.instancenorm.InstanceNorm3d,class,torch.nn.modules.instancenorm,InstanceNorm3d,/home/ota/VM/pytorch/pytorch-1.7.1/lib/python3.6/site-packages/torch/nn/modules/instancenorm.py,215,286,False,python_source
torch.nn.modules.instancenorm._InstanceNorm,class,torch.nn.modules.instancenorm,_InstanceNorm,/home/ota/VM/pytorch/pytorch-1.7.1/lib/python3.6/site-packages/torch/nn/modules/instancenorm.py,7,57,False,python_source
torch.nn.modules.linear.Bilinear,class,torch.nn.modules.linear,Bilinear,/home/ota/VM/pytorch/pytorch-1.7.1/lib/python3.6/site-packages/torch/nn/modules/linear.py,110,179,False,python_source
torch.nn.modules.linear.Identity,class,torch.nn.modules.linear,Identity,/home/ota/VM/pytorch/pytorch-1.7.1/lib/python3.6/site-packages/torch/nn/modules/linear.py,11,31,False,python_source
torch.nn.modules.linear.Linear,class,torch.nn.modules.linear,Linear,/home/ota/VM/pytorch/pytorch-1.7.1/lib/python3.6/site-packages/torch/nn/modules/linear.py,34,98,False,python_source
torch.nn.modules.linear._LinearWithBias,class,torch.nn.modules.linear,_LinearWithBias,/home/ota/VM/pytorch/pytorch-1.7.1/lib/python3.6/site-packages/torch/nn/modules/linear.py,103,107,False,python_source
torch.nn.modules.loss.BCELoss,class,torch.nn.modules.loss,BCELoss,/home/ota/VM/pytorch/pytorch-1.7.1/lib/python3.6/site-packages/torch/nn/modules/loss.py,449,530,False,python_source
torch.nn.modules.loss.BCEWithLogitsLoss,class,torch.nn.modules.loss,BCEWithLogitsLoss,/home/ota/VM/pytorch/pytorch-1.7.1/lib/python3.6/site-packages/torch/nn/modules/loss.py,533,632,False,python_source
torch.nn.modules.loss.CTCLoss,class,torch.nn.modules.loss,CTCLoss,/home/ota/VM/pytorch/pytorch-1.7.1/lib/python3.6/site-packages/torch/nn/modules/loss.py,1376,1502,False,python_source
torch.nn.modules.loss.CosineEmbeddingLoss,class,torch.nn.modules.loss,CosineEmbeddingLoss,/home/ota/VM/pytorch/pytorch-1.7.1/lib/python3.6/site-packages/torch/nn/modules/loss.py,1012,1056,False,python_source
torch.nn.modules.loss.CrossEntropyLoss,class,torch.nn.modules.loss,CrossEntropyLoss,/home/ota/VM/pytorch/pytorch-1.7.1/lib/python3.6/site-packages/torch/nn/modules/loss.py,866,962,False,python_source
torch.nn.modules.loss.HingeEmbeddingLoss,class,torch.nn.modules.loss,HingeEmbeddingLoss,/home/ota/VM/pytorch/pytorch-1.7.1/lib/python3.6/site-packages/torch/nn/modules/loss.py,635,692,False,python_source
torch.nn.modules.loss.KLDivLoss,class,torch.nn.modules.loss,KLDivLoss,/home/ota/VM/pytorch/pytorch-1.7.1/lib/python3.6/site-packages/torch/nn/modules/loss.py,299,380,False,python_source
torch.nn.modules.loss.L1Loss,class,torch.nn.modules.loss,L1Loss,/home/ota/VM/pytorch/pytorch-1.7.1/lib/python3.6/site-packages/torch/nn/modules/loss.py,29,94,False,python_source
torch.nn.modules.loss.MSELoss,class,torch.nn.modules.loss,MSELoss,/home/ota/VM/pytorch/pytorch-1.7.1/lib/python3.6/site-packages/torch/nn/modules/loss.py,383,446,False,python_source
torch.nn.modules.loss.MarginRankingLoss,class,torch.nn.modules.loss,MarginRankingLoss,/home/ota/VM/pytorch/pytorch-1.7.1/lib/python3.6/site-packages/torch/nn/modules/loss.py,1059,1113,False,python_source
torch.nn.modules.loss.MultiLabelMarginLoss,class,torch.nn.modules.loss,MultiLabelMarginLoss,/home/ota/VM/pytorch/pytorch-1.7.1/lib/python3.6/site-packages/torch/nn/modules/loss.py,695,756,False,python_source
torch.nn.modules.loss.MultiLabelSoftMarginLoss,class,torch.nn.modules.loss,MultiLabelSoftMarginLoss,/home/ota/VM/pytorch/pytorch-1.7.1/lib/python3.6/site-packages/torch/nn/modules/loss.py,965,1009,False,python_source
torch.nn.modules.loss.MultiMarginLoss,class,torch.nn.modules.loss,MultiMarginLoss,/home/ota/VM/pytorch/pytorch-1.7.1/lib/python3.6/site-packages/torch/nn/modules/loss.py,1116,1177,False,python_source
torch.nn.modules.loss.NLLLoss,class,torch.nn.modules.loss,NLLLoss,/home/ota/VM/pytorch/pytorch-1.7.1/lib/python3.6/site-packages/torch/nn/modules/loss.py,97,213,False,python_source
torch.nn.modules.loss.NLLLoss2d,class,torch.nn.modules.loss,NLLLoss2d,/home/ota/VM/pytorch/pytorch-1.7.1/lib/python3.6/site-packages/torch/nn/modules/loss.py,216,222,False,python_source
torch.nn.modules.loss.PoissonNLLLoss,class,torch.nn.modules.loss,PoissonNLLLoss,/home/ota/VM/pytorch/pytorch-1.7.1/lib/python3.6/site-packages/torch/nn/modules/loss.py,225,296,False,python_source
torch.nn.modules.loss.SmoothL1Loss,class,torch.nn.modules.loss,SmoothL1Loss,/home/ota/VM/pytorch/pytorch-1.7.1/lib/python3.6/site-packages/torch/nn/modules/loss.py,759,822,False,python_source
torch.nn.modules.loss.SoftMarginLoss,class,torch.nn.modules.loss,SoftMarginLoss,/home/ota/VM/pytorch/pytorch-1.7.1/lib/python3.6/site-packages/torch/nn/modules/loss.py,825,863,False,python_source
torch.nn.modules.loss.TripletMarginLoss,class,torch.nn.modules.loss,TripletMarginLoss,/home/ota/VM/pytorch/pytorch-1.7.1/lib/python3.6/site-packages/torch/nn/modules/loss.py,1180,1259,False,python_source
torch.nn.modules.loss.TripletMarginWithDistanceLoss,class,torch.nn.modules.loss,TripletMarginWithDistanceLoss,/home/ota/VM/pytorch/pytorch-1.7.1/lib/python3.6/site-packages/torch/nn/modules/loss.py,1262,1373,False,python_source
torch.nn.modules.loss._Loss,class,torch.nn.modules.loss,_Loss,/home/ota/VM/pytorch/pytorch-1.7.1/lib/python3.6/site-packages/torch/nn/modules/loss.py,12,20,False,python_source
torch.nn.modules.loss._WeightedLoss,class,torch.nn.modules.loss,_WeightedLoss,/home/ota/VM/pytorch/pytorch-1.7.1/lib/python3.6/site-packages/torch/nn/modules/loss.py,23,26,False,python_source
torch.nn.modules.module.Module,class,torch.nn.modules.module,Module,/home/ota/VM/pytorch/pytorch-1.7.1/lib/python3.6/site-packages/torch/nn/modules/module.py,178,1406,False,python_source
torch.nn.modules.module.ModuleAttributeError,class,torch.nn.modules.module,ModuleAttributeError,/home/ota/VM/pytorch/pytorch-1.7.1/lib/python3.6/site-packages/torch/nn/modules/module.py,29,34,False,python_source
torch.nn.modules.module._IncompatibleKeys,class,torch.nn.modules.module,_IncompatibleKeys,/home/ota/VM/pytorch/pytorch-1.7.1/lib/python3.6/site-packages/torch/nn/modules/module.py,20,26,False,python_source
torch.nn.modules.normalization.CrossMapLRN2d,class,torch.nn.modules.normalization,CrossMapLRN2d,/home/ota/VM/pytorch/pytorch-1.7.1/lib/python3.6/site-packages/torch/nn/modules/normalization.py,62,80,False,python_source
torch.nn.modules.normalization.GroupNorm,class,torch.nn.modules.normalization,GroupNorm,/home/ota/VM/pytorch/pytorch-1.7.1/lib/python3.6/site-packages/torch/nn/modules/normalization.py,177,250,False,python_source
torch.nn.modules.normalization.LayerNorm,class,torch.nn.modules.normalization,LayerNorm,/home/ota/VM/pytorch/pytorch-1.7.1/lib/python3.6/site-packages/torch/nn/modules/normalization.py,86,174,False,python_source
torch.nn.modules.normalization.LocalResponseNorm,class,torch.nn.modules.normalization,LocalResponseNorm,/home/ota/VM/pytorch/pytorch-1.7.1/lib/python3.6/site-packages/torch/nn/modules/normalization.py,13,59,False,python_source
torch.nn.modules.padding.ConstantPad1d,class,torch.nn.modules.padding,ConstantPad1d,/home/ota/VM/pytorch/pytorch-1.7.1/lib/python3.6/site-packages/torch/nn/modules/padding.py,27,74,False,python_source
torch.nn.modules.padding.ConstantPad2d,class,torch.nn.modules.padding,ConstantPad2d,/home/ota/VM/pytorch/pytorch-1.7.1/lib/python3.6/site-packages/torch/nn/modules/padding.py,77,124,False,python_source
torch.nn.modules.padding.ConstantPad3d,class,torch.nn.modules.padding,ConstantPad3d,/home/ota/VM/pytorch/pytorch-1.7.1/lib/python3.6/site-packages/torch/nn/modules/padding.py,127,163,False,python_source
torch.nn.modules.padding.ReflectionPad1d,class,torch.nn.modules.padding,ReflectionPad1d,/home/ota/VM/pytorch/pytorch-1.7.1/lib/python3.6/site-packages/torch/nn/modules/padding.py,176,213,False,python_source
torch.nn.modules.padding.ReflectionPad2d,class,torch.nn.modules.padding,ReflectionPad2d,/home/ota/VM/pytorch/pytorch-1.7.1/lib/python3.6/site-packages/torch/nn/modules/padding.py,216,264,False,python_source
torch.nn.modules.padding.ReplicationPad1d,class,torch.nn.modules.padding,ReplicationPad1d,/home/ota/VM/pytorch/pytorch-1.7.1/lib/python3.6/site-packages/torch/nn/modules/padding.py,277,314,False,python_source
torch.nn.modules.padding.ReplicationPad2d,class,torch.nn.modules.padding,ReplicationPad2d,/home/ota/VM/pytorch/pytorch-1.7.1/lib/python3.6/site-packages/torch/nn/modules/padding.py,317,365,False,python_source
torch.nn.modules.padding.ReplicationPad3d,class,torch.nn.modules.padding,ReplicationPad3d,/home/ota/VM/pytorch/pytorch-1.7.1/lib/python3.6/site-packages/torch/nn/modules/padding.py,368,404,False,python_source
torch.nn.modules.padding.ZeroPad2d,class,torch.nn.modules.padding,ZeroPad2d,/home/ota/VM/pytorch/pytorch-1.7.1/lib/python3.6/site-packages/torch/nn/modules/padding.py,407,454,False,python_source
torch.nn.modules.padding._ConstantPadNd,class,torch.nn.modules.padding,_ConstantPadNd,/home/ota/VM/pytorch/pytorch-1.7.1/lib/python3.6/site-packages/torch/nn/modules/padding.py,12,24,False,python_source
torch.nn.modules.padding._ReflectionPadNd,class,torch.nn.modules.padding,_ReflectionPadNd,/home/ota/VM/pytorch/pytorch-1.7.1/lib/python3.6/site-packages/torch/nn/modules/padding.py,166,173,False,python_source
torch.nn.modules.padding._ReplicationPadNd,class,torch.nn.modules.padding,_ReplicationPadNd,/home/ota/VM/pytorch/pytorch-1.7.1/lib/python3.6/site-packages/torch/nn/modules/padding.py,267,274,False,python_source
torch.nn.modules.pixelshuffle.PixelShuffle,class,torch.nn.modules.pixelshuffle,PixelShuffle,/home/ota/VM/pytorch/pytorch-1.7.1/lib/python3.6/site-packages/torch/nn/modules/pixelshuffle.py,7,49,False,python_source
torch.nn.modules.pooling.AdaptiveAvgPool1d,class,torch.nn.modules.pooling,AdaptiveAvgPool1d,/home/ota/VM/pytorch/pytorch-1.7.1/lib/python3.6/site-packages/torch/nn/modules/pooling.py,1053,1073,False,python_source
torch.nn.modules.pooling.AdaptiveAvgPool2d,class,torch.nn.modules.pooling,AdaptiveAvgPool2d,/home/ota/VM/pytorch/pytorch-1.7.1/lib/python3.6/site-packages/torch/nn/modules/pooling.py,1076,1107,False,python_source
torch.nn.modules.pooling.AdaptiveAvgPool3d,class,torch.nn.modules.pooling,AdaptiveAvgPool3d,/home/ota/VM/pytorch/pytorch-1.7.1/lib/python3.6/site-packages/torch/nn/modules/pooling.py,1110,1141,False,python_source
torch.nn.modules.pooling.AdaptiveMaxPool1d,class,torch.nn.modules.pooling,AdaptiveMaxPool1d,/home/ota/VM/pytorch/pytorch-1.7.1/lib/python3.6/site-packages/torch/nn/modules/pooling.py,944,966,False,python_source
torch.nn.modules.pooling.AdaptiveMaxPool2d,class,torch.nn.modules.pooling,AdaptiveMaxPool2d,/home/ota/VM/pytorch/pytorch-1.7.1/lib/python3.6/site-packages/torch/nn/modules/pooling.py,969,1002,False,python_source
torch.nn.modules.pooling.AdaptiveMaxPool3d,class,torch.nn.modules.pooling,AdaptiveMaxPool3d,/home/ota/VM/pytorch/pytorch-1.7.1/lib/python3.6/site-packages/torch/nn/modules/pooling.py,1005,1039,False,python_source
torch.nn.modules.pooling.AvgPool1d,class,torch.nn.modules.pooling,AvgPool1d,/home/ota/VM/pytorch/pytorch-1.7.1/lib/python3.6/site-packages/torch/nn/modules/pooling.py,461,521,False,python_source
torch.nn.modules.pooling.AvgPool2d,class,torch.nn.modules.pooling,AvgPool2d,/home/ota/VM/pytorch/pytorch-1.7.1/lib/python3.6/site-packages/torch/nn/modules/pooling.py,524,595,False,python_source
torch.nn.modules.pooling.AvgPool3d,class,torch.nn.modules.pooling,AvgPool3d,/home/ota/VM/pytorch/pytorch-1.7.1/lib/python3.6/site-packages/torch/nn/modules/pooling.py,598,682,False,python_source
torch.nn.modules.pooling.FractionalMaxPool2d,class,torch.nn.modules.pooling,FractionalMaxPool2d,/home/ota/VM/pytorch/pytorch-1.7.1/lib/python3.6/site-packages/torch/nn/modules/pooling.py,685,746,False,python_source
torch.nn.modules.pooling.FractionalMaxPool3d,class,torch.nn.modules.pooling,FractionalMaxPool3d,/home/ota/VM/pytorch/pytorch-1.7.1/lib/python3.6/site-packages/torch/nn/modules/pooling.py,749,809,False,python_source
torch.nn.modules.pooling.LPPool1d,class,torch.nn.modules.pooling,LPPool1d,/home/ota/VM/pytorch/pytorch-1.7.1/lib/python3.6/site-packages/torch/nn/modules/pooling.py,831,870,False,python_source
torch.nn.modules.pooling.LPPool2d,class,torch.nn.modules.pooling,LPPool2d,/home/ota/VM/pytorch/pytorch-1.7.1/lib/python3.6/site-packages/torch/nn/modules/pooling.py,873,925,False,python_source
torch.nn.modules.pooling.MaxPool1d,class,torch.nn.modules.pooling,MaxPool1d,/home/ota/VM/pytorch/pytorch-1.7.1/lib/python3.6/site-packages/torch/nn/modules/pooling.py,33,85,False,python_source
torch.nn.modules.pooling.MaxPool2d,class,torch.nn.modules.pooling,MaxPool2d,/home/ota/VM/pytorch/pytorch-1.7.1/lib/python3.6/site-packages/torch/nn/modules/pooling.py,88,155,False,python_source
torch.nn.modules.pooling.MaxPool3d,class,torch.nn.modules.pooling,MaxPool3d,/home/ota/VM/pytorch/pytorch-1.7.1/lib/python3.6/site-packages/torch/nn/modules/pooling.py,158,229,False,python_source
torch.nn.modules.pooling.MaxUnpool1d,class,torch.nn.modules.pooling,MaxUnpool1d,/home/ota/VM/pytorch/pytorch-1.7.1/lib/python3.6/site-packages/torch/nn/modules/pooling.py,240,306,False,python_source
torch.nn.modules.pooling.MaxUnpool2d,class,torch.nn.modules.pooling,MaxUnpool2d,/home/ota/VM/pytorch/pytorch-1.7.1/lib/python3.6/site-packages/torch/nn/modules/pooling.py,309,383,False,python_source
torch.nn.modules.pooling.MaxUnpool3d,class,torch.nn.modules.pooling,MaxUnpool3d,/home/ota/VM/pytorch/pytorch-1.7.1/lib/python3.6/site-packages/torch/nn/modules/pooling.py,386,449,False,python_source
torch.nn.modules.pooling._AdaptiveAvgPoolNd,class,torch.nn.modules.pooling,_AdaptiveAvgPoolNd,/home/ota/VM/pytorch/pytorch-1.7.1/lib/python3.6/site-packages/torch/nn/modules/pooling.py,1042,1050,False,python_source
torch.nn.modules.pooling._AdaptiveMaxPoolNd,class,torch.nn.modules.pooling,_AdaptiveMaxPoolNd,/home/ota/VM/pytorch/pytorch-1.7.1/lib/python3.6/site-packages/torch/nn/modules/pooling.py,928,938,False,python_source
torch.nn.modules.pooling._AvgPoolNd,class,torch.nn.modules.pooling,_AvgPoolNd,/home/ota/VM/pytorch/pytorch-1.7.1/lib/python3.6/site-packages/torch/nn/modules/pooling.py,452,458,False,python_source
torch.nn.modules.pooling._LPPoolNd,class,torch.nn.modules.pooling,_LPPoolNd,/home/ota/VM/pytorch/pytorch-1.7.1/lib/python3.6/site-packages/torch/nn/modules/pooling.py,812,828,False,python_source
torch.nn.modules.pooling._MaxPoolNd,class,torch.nn.modules.pooling,_MaxPoolNd,/home/ota/VM/pytorch/pytorch-1.7.1/lib/python3.6/site-packages/torch/nn/modules/pooling.py,11,30,False,python_source
torch.nn.modules.pooling._MaxUnpoolNd,class,torch.nn.modules.pooling,_MaxUnpoolNd,/home/ota/VM/pytorch/pytorch-1.7.1/lib/python3.6/site-packages/torch/nn/modules/pooling.py,232,237,False,python_source
torch.nn.modules.rnn.GRU,class,torch.nn.modules.rnn,GRU,/home/ota/VM/pytorch/pytorch-1.7.1/lib/python3.6/site-packages/torch/nn/modules/rnn.py,596,752,False,python_source
torch.nn.modules.rnn.GRUCell,class,torch.nn.modules.rnn,GRUCell,/home/ota/VM/pytorch/pytorch-1.7.1/lib/python3.6/site-packages/torch/nn/modules/rnn.py,978,1052,False,python_source
torch.nn.modules.rnn.LSTM,class,torch.nn.modules.rnn,LSTM,/home/ota/VM/pytorch/pytorch-1.7.1/lib/python3.6/site-packages/torch/nn/modules/rnn.py,419,593,False,python_source
torch.nn.modules.rnn.LSTMCell,class,torch.nn.modules.rnn,LSTMCell,/home/ota/VM/pytorch/pytorch-1.7.1/lib/python3.6/site-packages/torch/nn/modules/rnn.py,900,975,False,python_source
torch.nn.modules.rnn.RNN,class,torch.nn.modules.rnn,RNN,/home/ota/VM/pytorch/pytorch-1.7.1/lib/python3.6/site-packages/torch/nn/modules/rnn.py,297,404,False,python_source
torch.nn.modules.rnn.RNNBase,class,torch.nn.modules.rnn,RNNBase,/home/ota/VM/pytorch/pytorch-1.7.1/lib/python3.6/site-packages/torch/nn/modules/rnn.py,24,294,False,python_source
torch.nn.modules.rnn.RNNCell,class,torch.nn.modules.rnn,RNNCell,/home/ota/VM/pytorch/pytorch-1.7.1/lib/python3.6/site-packages/torch/nn/modules/rnn.py,812,897,False,python_source
torch.nn.modules.rnn.RNNCellBase,class,torch.nn.modules.rnn,RNNCellBase,/home/ota/VM/pytorch/pytorch-1.7.1/lib/python3.6/site-packages/torch/nn/modules/rnn.py,755,809,False,python_source
torch.nn.modules.sparse.Embedding,class,torch.nn.modules.sparse,Embedding,/home/ota/VM/pytorch/pytorch-1.7.1/lib/python3.6/site-packages/torch/nn/modules/sparse.py,12,182,False,python_source
torch.nn.modules.sparse.EmbeddingBag,class,torch.nn.modules.sparse,EmbeddingBag,/home/ota/VM/pytorch/pytorch-1.7.1/lib/python3.6/site-packages/torch/nn/modules/sparse.py,185,361,False,python_source
torch.nn.modules.transformer.Transformer,class,torch.nn.modules.transformer,Transformer,/home/ota/VM/pytorch/pytorch-1.7.1/lib/python3.6/site-packages/torch/nn/modules/transformer.py,16,142,False,python_source
torch.nn.modules.transformer.TransformerDecoder,class,torch.nn.modules.transformer,TransformerDecoder,/home/ota/VM/pytorch/pytorch-1.7.1/lib/python3.6/site-packages/torch/nn/modules/transformer.py,189,239,False,python_source
torch.nn.modules.transformer.TransformerDecoderLayer,class,torch.nn.modules.transformer,TransformerDecoderLayer,/home/ota/VM/pytorch/pytorch-1.7.1/lib/python3.6/site-packages/torch/nn/modules/transformer.py,303,374,False,python_source
torch.nn.modules.transformer.TransformerEncoder,class,torch.nn.modules.transformer,TransformerEncoder,/home/ota/VM/pytorch/pytorch-1.7.1/lib/python3.6/site-packages/torch/nn/modules/transformer.py,145,186,False,python_source
torch.nn.modules.transformer.TransformerEncoderLayer,class,torch.nn.modules.transformer,TransformerEncoderLayer,/home/ota/VM/pytorch/pytorch-1.7.1/lib/python3.6/site-packages/torch/nn/modules/transformer.py,241,300,False,python_source
torch.nn.modules.upsampling.Upsample,class,torch.nn.modules.upsampling,Upsample,/home/ota/VM/pytorch/pytorch-1.7.1/lib/python3.6/site-packages/torch/nn/modules/upsampling.py,9,149,False,python_source
torch.nn.modules.upsampling.UpsamplingBilinear2d,class,torch.nn.modules.upsampling,UpsamplingBilinear2d,/home/ota/VM/pytorch/pytorch-1.7.1/lib/python3.6/site-packages/torch/nn/modules/upsampling.py,197,240,False,python_source
torch.nn.modules.upsampling.UpsamplingNearest2d,class,torch.nn.modules.upsampling,UpsamplingNearest2d,/home/ota/VM/pytorch/pytorch-1.7.1/lib/python3.6/site-packages/torch/nn/modules/upsampling.py,152,194,False,python_source
torch.nn.parallel._functions.Broadcast,class,torch.nn.parallel._functions,Broadcast,/home/ota/VM/pytorch/pytorch-1.7.1/lib/python3.6/site-packages/torch/nn/parallel/_functions.py,9,33,False,python_source
torch.nn.parallel._functions.Gather,class,torch.nn.parallel._functions,Gather,/home/ota/VM/pytorch/pytorch-1.7.1/lib/python3.6/site-packages/torch/nn/parallel/_functions.py,51,78,False,python_source
torch.nn.parallel._functions.ReduceAddCoalesced,class,torch.nn.parallel._functions,ReduceAddCoalesced,/home/ota/VM/pytorch/pytorch-1.7.1/lib/python3.6/site-packages/torch/nn/parallel/_functions.py,36,48,False,python_source
torch.nn.parallel._functions.Scatter,class,torch.nn.parallel._functions,Scatter,/home/ota/VM/pytorch/pytorch-1.7.1/lib/python3.6/site-packages/torch/nn/parallel/_functions.py,81,104,False,python_source
torch.nn.parallel.data_parallel.DataParallel,class,torch.nn.parallel.data_parallel,DataParallel,/home/ota/VM/pytorch/pytorch-1.7.1/lib/python3.6/site-packages/torch/nn/parallel/data_parallel.pyi,6,14,False,type_stub
torch.nn.parallel.distributed.DistributedDataParallel,class,torch.nn.parallel.distributed,DistributedDataParallel,/home/ota/VM/pytorch/pytorch-1.7.1/lib/python3.6/site-packages/torch/nn/parallel/distributed.pyi,6,21,False,type_stub
torch.nn.parameter.Parameter,class,torch.nn.parameter,Parameter,/home/ota/VM/pytorch/pytorch-1.7.1/lib/python3.6/site-packages/torch/nn/parameter.pyi,4,7,False,type_stub
torch.nn.qat.Conv2d,class,torch.nn.qat,Conv2d,.,-1,-1,True,external_placeholder
torch.nn.qat.Linear,class,torch.nn.qat,Linear,.,-1,-1,True,external_placeholder
torch.nn.qat.modules.conv.Conv2d,class,torch.nn.qat.modules.conv,Conv2d,/home/ota/VM/pytorch/pytorch-1.7.1/lib/python3.6/site-packages/torch/nn/qat/modules/conv.py,4,54,False,python_source
torch.nn.qat.modules.linear.Linear,class,torch.nn.qat.modules.linear,Linear,/home/ota/VM/pytorch/pytorch-1.7.1/lib/python3.6/site-packages/torch/nn/qat/modules/linear.py,5,50,False,python_source
torch.nn.quantized.BatchNorm2d,class,torch.nn.quantized,BatchNorm2d,.,-1,-1,True,external_placeholder
torch.nn.quantized.BatchNorm3d,class,torch.nn.quantized,BatchNorm3d,.,-1,-1,True,external_placeholder
torch.nn.quantized.Conv1d,class,torch.nn.quantized,Conv1d,.,-1,-1,True,external_placeholder
torch.nn.quantized.Conv2d,class,torch.nn.quantized,Conv2d,.,-1,-1,True,external_placeholder
torch.nn.quantized.Conv3d,class,torch.nn.quantized,Conv3d,.,-1,-1,True,external_placeholder
torch.nn.quantized.Linear,class,torch.nn.quantized,Linear,.,-1,-1,True,external_placeholder
torch.nn.quantized.dynamic.modules.linear.Linear,class,torch.nn.quantized.dynamic.modules.linear,Linear,/home/ota/VM/pytorch/pytorch-1.7.1/lib/python3.6/site-packages/torch/nn/quantized/dynamic/modules/linear.py,6,104,False,python_source
torch.nn.quantized.dynamic.modules.rnn.GRUCell,class,torch.nn.quantized.dynamic.modules.rnn,GRUCell,/home/ota/VM/pytorch/pytorch-1.7.1/lib/python3.6/site-packages/torch/nn/quantized/dynamic/modules/rnn.py,690,727,False,python_source
torch.nn.quantized.dynamic.modules.rnn.LSTM,class,torch.nn.quantized.dynamic.modules.rnn,LSTM,/home/ota/VM/pytorch/pytorch-1.7.1/lib/python3.6/site-packages/torch/nn/quantized/dynamic/modules/rnn.py,312,426,False,python_source
torch.nn.quantized.dynamic.modules.rnn.LSTMCell,class,torch.nn.quantized.dynamic.modules.rnn,LSTMCell,/home/ota/VM/pytorch/pytorch-1.7.1/lib/python3.6/site-packages/torch/nn/quantized/dynamic/modules/rnn.py,649,688,False,python_source
torch.nn.quantized.dynamic.modules.rnn.PackedParameter,class,torch.nn.quantized.dynamic.modules.rnn,PackedParameter,/home/ota/VM/pytorch/pytorch-1.7.1/lib/python3.6/site-packages/torch/nn/quantized/dynamic/modules/rnn.py,14,27,False,python_source
torch.nn.quantized.dynamic.modules.rnn.RNNBase,class,torch.nn.quantized.dynamic.modules.rnn,RNNBase,/home/ota/VM/pytorch/pytorch-1.7.1/lib/python3.6/site-packages/torch/nn/quantized/dynamic/modules/rnn.py,29,310,False,python_source
torch.nn.quantized.dynamic.modules.rnn.RNNCell,class,torch.nn.quantized.dynamic.modules.rnn,RNNCell,/home/ota/VM/pytorch/pytorch-1.7.1/lib/python3.6/site-packages/torch/nn/quantized/dynamic/modules/rnn.py,598,646,False,python_source
torch.nn.quantized.dynamic.modules.rnn.RNNCellBase,class,torch.nn.quantized.dynamic.modules.rnn,RNNCellBase,/home/ota/VM/pytorch/pytorch-1.7.1/lib/python3.6/site-packages/torch/nn/quantized/dynamic/modules/rnn.py,430,596,False,python_source
torch.nn.quantized.modules.DeQuantize,class,torch.nn.quantized.modules,DeQuantize,/home/ota/VM/pytorch/pytorch-1.7.1/lib/python3.6/site-packages/torch/nn/quantized/modules/__init__.py,61,84,False,python_source
torch.nn.quantized.modules.Quantize,class,torch.nn.quantized.modules,Quantize,/home/ota/VM/pytorch/pytorch-1.7.1/lib/python3.6/site-packages/torch/nn/quantized/modules/__init__.py,17,58,False,python_source
torch.nn.quantized.modules.activation.ELU,class,torch.nn.quantized.modules.activation,ELU,/home/ota/VM/pytorch/pytorch-1.7.1/lib/python3.6/site-packages/torch/nn/quantized/modules/activation.py,103,126,False,python_source
torch.nn.quantized.modules.activation.Hardswish,class,torch.nn.quantized.modules.activation,Hardswish,/home/ota/VM/pytorch/pytorch-1.7.1/lib/python3.6/site-packages/torch/nn/quantized/modules/activation.py,79,101,False,python_source
torch.nn.quantized.modules.activation.ReLU,class,torch.nn.quantized.modules.activation,ReLU,/home/ota/VM/pytorch/pytorch-1.7.1/lib/python3.6/site-packages/torch/nn/quantized/modules/activation.py,4,39,False,python_source
torch.nn.quantized.modules.activation.ReLU6,class,torch.nn.quantized.modules.activation,ReLU6,/home/ota/VM/pytorch/pytorch-1.7.1/lib/python3.6/site-packages/torch/nn/quantized/modules/activation.py,42,77,False,python_source
torch.nn.quantized.modules.batchnorm.BatchNorm2d,class,torch.nn.quantized.modules.batchnorm,BatchNorm2d,/home/ota/VM/pytorch/pytorch-1.7.1/lib/python3.6/site-packages/torch/nn/quantized/modules/batchnorm.py,5,37,False,python_source
torch.nn.quantized.modules.batchnorm.BatchNorm3d,class,torch.nn.quantized.modules.batchnorm,BatchNorm3d,/home/ota/VM/pytorch/pytorch-1.7.1/lib/python3.6/site-packages/torch/nn/quantized/modules/batchnorm.py,39,72,False,python_source
torch.nn.quantized.modules.conv.Conv1d,class,torch.nn.quantized.modules.conv,Conv1d,/home/ota/VM/pytorch/pytorch-1.7.1/lib/python3.6/site-packages/torch/nn/quantized/modules/conv.py,167,257,False,python_source
torch.nn.quantized.modules.conv.Conv2d,class,torch.nn.quantized.modules.conv,Conv2d,/home/ota/VM/pytorch/pytorch-1.7.1/lib/python3.6/site-packages/torch/nn/quantized/modules/conv.py,260,368,False,python_source
torch.nn.quantized.modules.conv.Conv3d,class,torch.nn.quantized.modules.conv,Conv3d,/home/ota/VM/pytorch/pytorch-1.7.1/lib/python3.6/site-packages/torch/nn/quantized/modules/conv.py,371,465,False,python_source
torch.nn.quantized.modules.conv.ConvTranspose1d,class,torch.nn.quantized.modules.conv,ConvTranspose1d,/home/ota/VM/pytorch/pytorch-1.7.1/lib/python3.6/site-packages/torch/nn/quantized/modules/conv.py,517,600,False,python_source
torch.nn.quantized.modules.conv.ConvTranspose2d,class,torch.nn.quantized.modules.conv,ConvTranspose2d,/home/ota/VM/pytorch/pytorch-1.7.1/lib/python3.6/site-packages/torch/nn/quantized/modules/conv.py,603,686,False,python_source
torch.nn.quantized.modules.conv._ConvNd,class,torch.nn.quantized.modules.conv,_ConvNd,/home/ota/VM/pytorch/pytorch-1.7.1/lib/python3.6/site-packages/torch/nn/quantized/modules/conv.py,17,164,False,python_source
torch.nn.quantized.modules.conv._ConvTransposeNd,class,torch.nn.quantized.modules.conv,_ConvTransposeNd,/home/ota/VM/pytorch/pytorch-1.7.1/lib/python3.6/site-packages/torch/nn/quantized/modules/conv.py,469,514,False,python_source
torch.nn.quantized.modules.embedding_ops.Embedding,class,torch.nn.quantized.modules.embedding_ops,Embedding,/home/ota/VM/pytorch/pytorch-1.7.1/lib/python3.6/site-packages/torch/nn/quantized/modules/embedding_ops.py,69,164,False,python_source
torch.nn.quantized.modules.embedding_ops.EmbeddingBag,class,torch.nn.quantized.modules.embedding_ops,EmbeddingBag,/home/ota/VM/pytorch/pytorch-1.7.1/lib/python3.6/site-packages/torch/nn/quantized/modules/embedding_ops.py,167,238,False,python_source
torch.nn.quantized.modules.embedding_ops.EmbeddingPackedParams,class,torch.nn.quantized.modules.embedding_ops,EmbeddingPackedParams,/home/ota/VM/pytorch/pytorch-1.7.1/lib/python3.6/site-packages/torch/nn/quantized/modules/embedding_ops.py,8,67,False,python_source
torch.nn.quantized.modules.functional_modules.FloatFunctional,class,torch.nn.quantized.modules.functional_modules,FloatFunctional,/home/ota/VM/pytorch/pytorch-1.7.1/lib/python3.6/site-packages/torch/nn/quantized/modules/functional_modules.py,8,83,False,python_source
torch.nn.quantized.modules.functional_modules.QFunctional,class,torch.nn.quantized.modules.functional_modules,QFunctional,/home/ota/VM/pytorch/pytorch-1.7.1/lib/python3.6/site-packages/torch/nn/quantized/modules/functional_modules.py,86,193,False,python_source
torch.nn.quantized.modules.linear.Linear,class,torch.nn.quantized.modules.linear,Linear,/home/ota/VM/pytorch/pytorch-1.7.1/lib/python3.6/site-packages/torch/nn/quantized/modules/linear.py,100,270,False,python_source
torch.nn.quantized.modules.linear.LinearPackedParams,class,torch.nn.quantized.modules.linear,LinearPackedParams,/home/ota/VM/pytorch/pytorch-1.7.1/lib/python3.6/site-packages/torch/nn/quantized/modules/linear.py,8,97,False,python_source
torch.nn.quantized.modules.normalization.GroupNorm,class,torch.nn.quantized.modules.normalization,GroupNorm,/home/ota/VM/pytorch/pytorch-1.7.1/lib/python3.6/site-packages/torch/nn/quantized/modules/normalization.py,39,71,False,python_source
torch.nn.quantized.modules.normalization.InstanceNorm1d,class,torch.nn.quantized.modules.normalization,InstanceNorm1d,/home/ota/VM/pytorch/pytorch-1.7.1/lib/python3.6/site-packages/torch/nn/quantized/modules/normalization.py,73,106,False,python_source
torch.nn.quantized.modules.normalization.InstanceNorm2d,class,torch.nn.quantized.modules.normalization,InstanceNorm2d,/home/ota/VM/pytorch/pytorch-1.7.1/lib/python3.6/site-packages/torch/nn/quantized/modules/normalization.py,108,141,False,python_source
torch.nn.quantized.modules.normalization.InstanceNorm3d,class,torch.nn.quantized.modules.normalization,InstanceNorm3d,/home/ota/VM/pytorch/pytorch-1.7.1/lib/python3.6/site-packages/torch/nn/quantized/modules/normalization.py,143,176,False,python_source
torch.nn.quantized.modules.normalization.LayerNorm,class,torch.nn.quantized.modules.normalization,LayerNorm,/home/ota/VM/pytorch/pytorch-1.7.1/lib/python3.6/site-packages/torch/nn/quantized/modules/normalization.py,4,37,False,python_source
torch.nn.utils.prune.BasePruningMethod,class,torch.nn.utils.prune,BasePruningMethod,/home/ota/VM/pytorch/pytorch-1.7.1/lib/python3.6/site-packages/torch/nn/utils/prune.py,11,239,False,python_source
torch.nn.utils.prune.CustomFromMask,class,torch.nn.utils.prune,CustomFromMask,/home/ota/VM/pytorch/pytorch-1.7.1/lib/python3.6/site-packages/torch/nn/utils/prune.py,764,789,False,python_source
torch.nn.utils.prune.Identity,class,torch.nn.utils.prune,Identity,/home/ota/VM/pytorch/pytorch-1.7.1/lib/python3.6/site-packages/torch/nn/utils/prune.py,394,416,False,python_source
torch.nn.utils.prune.L1Unstructured,class,torch.nn.utils.prune,L1Unstructured,/home/ota/VM/pytorch/pytorch-1.7.1/lib/python3.6/site-packages/torch/nn/utils/prune.py,478,535,False,python_source
torch.nn.utils.prune.LnStructured,class,torch.nn.utils.prune,LnStructured,/home/ota/VM/pytorch/pytorch-1.7.1/lib/python3.6/site-packages/torch/nn/utils/prune.py,643,761,False,python_source
torch.nn.utils.prune.PruningContainer,class,torch.nn.utils.prune,PruningContainer,/home/ota/VM/pytorch/pytorch-1.7.1/lib/python3.6/site-packages/torch/nn/utils/prune.py,242,391,False,python_source
torch.nn.utils.prune.RandomStructured,class,torch.nn.utils.prune,RandomStructured,/home/ota/VM/pytorch/pytorch-1.7.1/lib/python3.6/site-packages/torch/nn/utils/prune.py,538,640,False,python_source
torch.nn.utils.prune.RandomUnstructured,class,torch.nn.utils.prune,RandomUnstructured,/home/ota/VM/pytorch/pytorch-1.7.1/lib/python3.6/site-packages/torch/nn/utils/prune.py,419,475,False,python_source
torch.nn.utils.rnn.PackedSequence,class,torch.nn.utils.rnn,PackedSequence,/home/ota/VM/pytorch/pytorch-1.7.1/lib/python3.6/site-packages/torch/nn/utils/rnn.py,23,147,False,python_source
torch.nn.utils.rnn.PackedSequence_,generated_class,torch.nn.utils.rnn,PackedSequence_,/home/ota/VM/pytorch/pytorch-1.7.1/lib/python3.6/site-packages/torch/nn/utils/rnn.py,9,10,False,factory_generated
torch.nn.utils.spectral_norm.SpectralNorm,class,torch.nn.utils.spectral_norm,SpectralNorm,/home/ota/VM/pytorch/pytorch-1.7.1/lib/python3.6/site-packages/torch/nn/utils/spectral_norm.py,10,146,False,python_source
torch.nn.utils.spectral_norm.SpectralNormLoadStateDictPreHook,class,torch.nn.utils.spectral_norm,SpectralNormLoadStateDictPreHook,/home/ota/VM/pytorch/pytorch-1.7.1/lib/python3.6/site-packages/torch/nn/utils/spectral_norm.py,151,192,False,python_source
torch.nn.utils.spectral_norm.SpectralNormStateDictHook,class,torch.nn.utils.spectral_norm,SpectralNormStateDictHook,/home/ota/VM/pytorch/pytorch-1.7.1/lib/python3.6/site-packages/torch/nn/utils/spectral_norm.py,197,208,False,python_source
torch.nn.utils.weight_norm.WeightNorm,class,torch.nn.utils.weight_norm,WeightNorm,/home/ota/VM/pytorch/pytorch-1.7.1/lib/python3.6/site-packages/torch/nn/utils/weight_norm.py,10,61,False,python_source
torch.utils.hooks.RemovableHandle,class,torch.utils.hooks,RemovableHandle,.,-1,-1,True,external_placeholder
