source,target,edge_type,base_edge_type,dependency_layer,semantic_role,file,line,evidence
torch.nn._VF.VFModule,types.ModuleType,inheritance,inheritance,inheritance,inheritance,/home/ota/VM/pytorch/pytorch-1.0.0/lib/python3.6/site-packages/torch/nn/_VF.py,6,class VFModule(types.ModuleType):
torch.nn._functions.thnn.fold.Col2Im,torch.autograd.function.Function,inheritance,inheritance,inheritance,inheritance,/home/ota/VM/pytorch/pytorch-1.0.0/lib/python3.6/site-packages/torch/nn/_functions/thnn/fold.py,7,class Col2Im(Function):
torch.nn._functions.thnn.fold.Im2Col,torch.autograd.function.Function,inheritance,inheritance,inheritance,inheritance,/home/ota/VM/pytorch/pytorch-1.0.0/lib/python3.6/site-packages/torch/nn/_functions/thnn/fold.py,47,class Im2Col(Function):
torch.nn._functions.thnn.normalization.CrossMapLRN2d,torch.autograd.function.Function,inheritance,inheritance,inheritance,inheritance,/home/ota/VM/pytorch/pytorch-1.0.0/lib/python3.6/site-packages/torch/nn/_functions/thnn/normalization.py,8,class CrossMapLRN2d(Function):
torch.nn._functions.thnn.sparse.EmbeddingBag,torch.autograd.function.Function,inheritance,inheritance,inheritance,inheritance,/home/ota/VM/pytorch/pytorch-1.0.0/lib/python3.6/site-packages/torch/nn/_functions/thnn/sparse.py,13,class EmbeddingBag(Function):
torch.nn._functions.thnn.sparse.EmbeddingBag,ValueError,constructor_call_exception,constructor_call,control_flow_or_error,exception_instantiation,/home/ota/VM/pytorch/pytorch-1.0.0/lib/python3.6/site-packages/torch/nn/_functions/thnn/sparse.py,39,"raise ValueError(""mode needs to be 'sum' or 'mean', but got {}"""
torch.nn._functions.thnn.sparse.EmbeddingBag,ValueError,constructor_call_exception,constructor_call,control_flow_or_error,exception_instantiation,/home/ota/VM/pytorch/pytorch-1.0.0/lib/python3.6/site-packages/torch/nn/_functions/thnn/sparse.py,50,"raise ValueError(""offsets has to be a 1D Tensor"")"
torch.nn._functions.thnn.sparse.EmbeddingBag,ValueError,constructor_call_exception,constructor_call,control_flow_or_error,exception_instantiation,/home/ota/VM/pytorch/pytorch-1.0.0/lib/python3.6/site-packages/torch/nn/_functions/thnn/sparse.py,53,"raise ValueError(""offsets[0] has to be 0, i.e. the first sequence"""
torch.nn._functions.thnn.sparse.EmbeddingBag,ValueError,constructor_call_exception,constructor_call,control_flow_or_error,exception_instantiation,/home/ota/VM/pytorch/pytorch-1.0.0/lib/python3.6/site-packages/torch/nn/_functions/thnn/sparse.py,57,"raise ValueError(""offsets[-1] has to be smaller than indices's length"""
torch.nn._functions.thnn.sparse.EmbeddingBag,torch.cuda.LongTensor,constructor_call_external,constructor_call,external_dependency,external_constructor_call,/home/ota/VM/pytorch/pytorch-1.0.0/lib/python3.6/site-packages/torch/nn/_functions/thnn/sparse.py,120,_sorted = torch.cuda.LongTensor()
torch.nn._functions.thnn.sparse.EmbeddingBag,torch.cuda.LongTensor,constructor_call_external,constructor_call,external_dependency,external_constructor_call,/home/ota/VM/pytorch/pytorch-1.0.0/lib/python3.6/site-packages/torch/nn/_functions/thnn/sparse.py,121,_indices = torch.cuda.LongTensor()
torch.nn._functions.thnn.sparse.EmbeddingBag,torch.cuda.LongTensor,constructor_call_external,constructor_call,external_dependency,external_constructor_call,/home/ota/VM/pytorch/pytorch-1.0.0/lib/python3.6/site-packages/torch/nn/_functions/thnn/sparse.py,122,_count = torch.cuda.LongTensor()
torch.nn._functions.thnn.sparse.EmbeddingBag,torch.IntTensor,constructor_call_external,constructor_call,external_dependency,external_constructor_call,/home/ota/VM/pytorch/pytorch-1.0.0/lib/python3.6/site-packages/torch/nn/_functions/thnn/sparse.py,124,_count = torch.IntTensor()
torch.nn.backends.backend.FunctionBackend,RuntimeError,constructor_call_exception,constructor_call,control_flow_or_error,exception_instantiation,/home/ota/VM/pytorch/pytorch-1.0.0/lib/python3.6/site-packages/torch/nn/backends/backend.py,15,"raise RuntimeError(""Trying to register second function under name "" + name + "" in "" + type(self).__name__)"
torch.nn.backends.thnn.THNNFunctionBackend,torch.nn.backends.backend.FunctionBackend,inheritance,inheritance,inheritance,inheritance,/home/ota/VM/pytorch/pytorch-1.0.0/lib/python3.6/site-packages/torch/nn/backends/thnn.py,4,class THNNFunctionBackend(FunctionBackend):
torch.nn.modules.activation.CELU,torch.nn.modules.module.Module,inheritance,inheritance,inheritance,inheritance,/home/ota/VM/pytorch/pytorch-1.0.0/lib/python3.6/site-packages/torch/nn/modules/activation.py,336,class CELU(Module):
torch.nn.modules.activation.ELU,torch.nn.modules.module.Module,inheritance,inheritance,inheritance,inheritance,/home/ota/VM/pytorch/pytorch-1.0.0/lib/python3.6/site-packages/torch/nn/modules/activation.py,296,class ELU(Module):
torch.nn.modules.activation.GLU,torch.nn.modules.module.Module,inheritance,inheritance,inheritance,inheritance,/home/ota/VM/pytorch/pytorch-1.0.0/lib/python3.6/site-packages/torch/nn/modules/activation.py,426,class GLU(Module):
torch.nn.modules.activation.Hardshrink,torch.nn.modules.module.Module,inheritance,inheritance,inheritance,inheritance,/home/ota/VM/pytorch/pytorch-1.0.0/lib/python3.6/site-packages/torch/nn/modules/activation.py,460,class Hardshrink(Module):
torch.nn.modules.activation.Hardtanh,torch.nn.modules.module.Module,inheritance,inheritance,inheritance,inheritance,/home/ota/VM/pytorch/pytorch-1.0.0/lib/python3.6/site-packages/torch/nn/modules/activation.py,147,class Hardtanh(Module):
torch.nn.modules.activation.LeakyReLU,torch.nn.modules.module.Module,inheritance,inheritance,inheritance,inheritance,/home/ota/VM/pytorch/pytorch-1.0.0/lib/python3.6/site-packages/torch/nn/modules/activation.py,502,class LeakyReLU(Module):
torch.nn.modules.activation.LogSigmoid,torch.nn.modules.module.Module,inheritance,inheritance,inheritance,inheritance,/home/ota/VM/pytorch/pytorch-1.0.0/lib/python3.6/site-packages/torch/nn/modules/activation.py,552,class LogSigmoid(Module):
torch.nn.modules.activation.LogSoftmax,torch.nn.modules.module.Module,inheritance,inheritance,inheritance,inheritance,/home/ota/VM/pytorch/pytorch-1.0.0/lib/python3.6/site-packages/torch/nn/modules/activation.py,898,class LogSoftmax(Module):
torch.nn.modules.activation.PReLU,torch.nn.modules.module.Module,inheritance,inheritance,inheritance,inheritance,/home/ota/VM/pytorch/pytorch-1.0.0/lib/python3.6/site-packages/torch/nn/modules/activation.py,664,class PReLU(Module):
torch.nn.modules.activation.PReLU,torch.nn.parameter.Parameter,constructor_call_composition,constructor_call,composition,owned_component_instantiation,/home/ota/VM/pytorch/pytorch-1.0.0/lib/python3.6/site-packages/torch/nn/modules/activation.py,718,self.weight = Parameter(torch.Tensor(num_parameters).fill_(init))
torch.nn.modules.activation.PReLU,torch.Tensor,constructor_call_composition,constructor_call,composition,owned_component_instantiation,/home/ota/VM/pytorch/pytorch-1.0.0/lib/python3.6/site-packages/torch/nn/modules/activation.py,718,self.weight = Parameter(torch.Tensor(num_parameters).fill_(init))
torch.nn.modules.activation.RReLU,torch.nn.modules.module.Module,inheritance,inheritance,inheritance,inheritance,/home/ota/VM/pytorch/pytorch-1.0.0/lib/python3.6/site-packages/torch/nn/modules/activation.py,90,class RReLU(Module):
torch.nn.modules.activation.ReLU,torch.nn.modules.activation.Threshold,inheritance,inheritance,inheritance,inheritance,/home/ota/VM/pytorch/pytorch-1.0.0/lib/python3.6/site-packages/torch/nn/modules/activation.py,60,class ReLU(Threshold):
torch.nn.modules.activation.ReLU6,torch.nn.modules.activation.Hardtanh,inheritance,inheritance,inheritance,inheritance,/home/ota/VM/pytorch/pytorch-1.0.0/lib/python3.6/site-packages/torch/nn/modules/activation.py,211,class ReLU6(Hardtanh):
torch.nn.modules.activation.SELU,torch.nn.modules.module.Module,inheritance,inheritance,inheritance,inheritance,/home/ota/VM/pytorch/pytorch-1.0.0/lib/python3.6/site-packages/torch/nn/modules/activation.py,381,class SELU(Module):
torch.nn.modules.activation.Sigmoid,torch.nn.modules.module.Module,inheritance,inheritance,inheritance,inheritance,/home/ota/VM/pytorch/pytorch-1.0.0/lib/python3.6/site-packages/torch/nn/modules/activation.py,243,class Sigmoid(Module):
torch.nn.modules.activation.Softmax,torch.nn.modules.module.Module,inheritance,inheritance,inheritance,inheritance,/home/ota/VM/pytorch/pytorch-1.0.0/lib/python3.6/site-packages/torch/nn/modules/activation.py,819,class Softmax(Module):
torch.nn.modules.activation.Softmax2d,torch.nn.modules.module.Module,inheritance,inheritance,inheritance,inheritance,/home/ota/VM/pytorch/pytorch-1.0.0/lib/python3.6/site-packages/torch/nn/modules/activation.py,869,class Softmax2d(Module):
torch.nn.modules.activation.Softmin,torch.nn.modules.module.Module,inheritance,inheritance,inheritance,inheritance,/home/ota/VM/pytorch/pytorch-1.0.0/lib/python3.6/site-packages/torch/nn/modules/activation.py,781,class Softmin(Module):
torch.nn.modules.activation.Softplus,torch.nn.modules.module.Module,inheritance,inheritance,inheritance,inheritance,/home/ota/VM/pytorch/pytorch-1.0.0/lib/python3.6/site-packages/torch/nn/modules/activation.py,577,class Softplus(Module):
torch.nn.modules.activation.Softshrink,torch.nn.modules.module.Module,inheritance,inheritance,inheritance,inheritance,/home/ota/VM/pytorch/pytorch-1.0.0/lib/python3.6/site-packages/torch/nn/modules/activation.py,622,class Softshrink(Module):
torch.nn.modules.activation.Softsign,torch.nn.modules.module.Module,inheritance,inheritance,inheritance,inheritance,/home/ota/VM/pytorch/pytorch-1.0.0/lib/python3.6/site-packages/torch/nn/modules/activation.py,729,class Softsign(Module):
torch.nn.modules.activation.Tanh,torch.nn.modules.module.Module,inheritance,inheritance,inheritance,inheritance,/home/ota/VM/pytorch/pytorch-1.0.0/lib/python3.6/site-packages/torch/nn/modules/activation.py,270,class Tanh(Module):
torch.nn.modules.activation.Tanhshrink,torch.nn.modules.module.Module,inheritance,inheritance,inheritance,inheritance,/home/ota/VM/pytorch/pytorch-1.0.0/lib/python3.6/site-packages/torch/nn/modules/activation.py,755,class Tanhshrink(Module):
torch.nn.modules.activation.Threshold,torch.nn.modules.module.Module,inheritance,inheritance,inheritance,inheritance,/home/ota/VM/pytorch/pytorch-1.0.0/lib/python3.6/site-packages/torch/nn/modules/activation.py,11,class Threshold(Module):
torch.nn.modules.adaptive.AdaptiveLogSoftmaxWithLoss,torch.nn.modules.module.Module,inheritance,inheritance,inheritance,inheritance,/home/ota/VM/pytorch/pytorch-1.0.0/lib/python3.6/site-packages/torch/nn/modules/adaptive.py,15,class AdaptiveLogSoftmaxWithLoss(Module):
torch.nn.modules.adaptive.AdaptiveLogSoftmaxWithLoss,ValueError,constructor_call_exception,constructor_call,control_flow_or_error,exception_instantiation,/home/ota/VM/pytorch/pytorch-1.0.0/lib/python3.6/site-packages/torch/nn/modules/adaptive.py,114,"raise ValueError(""cutoffs should be a sequence of unique, positive """
torch.nn.modules.adaptive.AdaptiveLogSoftmaxWithLoss,torch.nn.modules.linear.Linear,constructor_call_composition,constructor_call,composition,owned_component_instantiation,/home/ota/VM/pytorch/pytorch-1.0.0/lib/python3.6/site-packages/torch/nn/modules/adaptive.py,128,"self.head = Linear(self.in_features, self.head_size, bias=self.head_bias)"
torch.nn.modules.adaptive.AdaptiveLogSoftmaxWithLoss,torch.nn.modules.container.ModuleList,constructor_call_composition,constructor_call,composition,owned_component_instantiation,/home/ota/VM/pytorch/pytorch-1.0.0/lib/python3.6/site-packages/torch/nn/modules/adaptive.py,129,self.tail = ModuleList()
torch.nn.modules.adaptive.AdaptiveLogSoftmaxWithLoss,torch.nn.modules.container.Sequential,constructor_call_temporary,constructor_call,temporary_object,temporary_or_configuration_instantiation,/home/ota/VM/pytorch/pytorch-1.0.0/lib/python3.6/site-packages/torch/nn/modules/adaptive.py,136,projection = Sequential(
torch.nn.modules.adaptive.AdaptiveLogSoftmaxWithLoss,torch.nn.modules.linear.Linear,constructor_call_temporary,constructor_call,temporary_object,temporary_or_configuration_instantiation,/home/ota/VM/pytorch/pytorch-1.0.0/lib/python3.6/site-packages/torch/nn/modules/adaptive.py,137,"Linear(self.in_features, hsz, bias=False),"
torch.nn.modules.adaptive.AdaptiveLogSoftmaxWithLoss,torch.nn.modules.linear.Linear,constructor_call_temporary,constructor_call,temporary_object,temporary_or_configuration_instantiation,/home/ota/VM/pytorch/pytorch-1.0.0/lib/python3.6/site-packages/torch/nn/modules/adaptive.py,138,"Linear(hsz, osz, bias=False)"
torch.nn.modules.adaptive.AdaptiveLogSoftmaxWithLoss,RuntimeError,constructor_call_exception,constructor_call,control_flow_or_error,exception_instantiation,/home/ota/VM/pytorch/pytorch-1.0.0/lib/python3.6/site-packages/torch/nn/modules/adaptive.py,151,raise RuntimeError('Input and target should have the same size '
torch.nn.modules.adaptive.AdaptiveLogSoftmaxWithLoss,RuntimeError,constructor_call_exception,constructor_call,control_flow_or_error,exception_instantiation,/home/ota/VM/pytorch/pytorch-1.0.0/lib/python3.6/site-packages/torch/nn/modules/adaptive.py,191,"raise RuntimeError(""Target values should be in [0, {}], """
torch.nn.modules.batchnorm.BatchNorm1d,torch.nn.modules.batchnorm._BatchNorm,inheritance,inheritance,inheritance,inheritance,/home/ota/VM/pytorch/pytorch-1.0.0/lib/python3.6/site-packages/torch/nn/modules/batchnorm.py,99,class BatchNorm1d(_BatchNorm):
torch.nn.modules.batchnorm.BatchNorm1d,ValueError,constructor_call_exception,constructor_call,control_flow_or_error,exception_instantiation,/home/ota/VM/pytorch/pytorch-1.0.0/lib/python3.6/site-packages/torch/nn/modules/batchnorm.py,168,raise ValueError('expected 2D or 3D input (got {}D input)'
torch.nn.modules.batchnorm.BatchNorm2d,torch.nn.modules.batchnorm._BatchNorm,inheritance,inheritance,inheritance,inheritance,/home/ota/VM/pytorch/pytorch-1.0.0/lib/python3.6/site-packages/torch/nn/modules/batchnorm.py,173,class BatchNorm2d(_BatchNorm):
torch.nn.modules.batchnorm.BatchNorm2d,ValueError,constructor_call_exception,constructor_call,control_flow_or_error,exception_instantiation,/home/ota/VM/pytorch/pytorch-1.0.0/lib/python3.6/site-packages/torch/nn/modules/batchnorm.py,242,raise ValueError('expected 4D input (got {}D input)'
torch.nn.modules.batchnorm.BatchNorm3d,torch.nn.modules.batchnorm._BatchNorm,inheritance,inheritance,inheritance,inheritance,/home/ota/VM/pytorch/pytorch-1.0.0/lib/python3.6/site-packages/torch/nn/modules/batchnorm.py,247,class BatchNorm3d(_BatchNorm):
torch.nn.modules.batchnorm.BatchNorm3d,ValueError,constructor_call_exception,constructor_call,control_flow_or_error,exception_instantiation,/home/ota/VM/pytorch/pytorch-1.0.0/lib/python3.6/site-packages/torch/nn/modules/batchnorm.py,317,raise ValueError('expected 5D input (got {}D input)'
torch.nn.modules.batchnorm._BatchNorm,torch.nn.modules.module.Module,inheritance,inheritance,inheritance,inheritance,/home/ota/VM/pytorch/pytorch-1.0.0/lib/python3.6/site-packages/torch/nn/modules/batchnorm.py,14,class _BatchNorm(Module):
torch.nn.modules.batchnorm._BatchNorm,torch.nn.parameter.Parameter,constructor_call_composition,constructor_call,composition,owned_component_instantiation,/home/ota/VM/pytorch/pytorch-1.0.0/lib/python3.6/site-packages/torch/nn/modules/batchnorm.py,28,self.weight = Parameter(torch.Tensor(num_features))
torch.nn.modules.batchnorm._BatchNorm,torch.Tensor,constructor_call_composition,constructor_call,composition,owned_component_instantiation,/home/ota/VM/pytorch/pytorch-1.0.0/lib/python3.6/site-packages/torch/nn/modules/batchnorm.py,28,self.weight = Parameter(torch.Tensor(num_features))
torch.nn.modules.batchnorm._BatchNorm,torch.nn.parameter.Parameter,constructor_call_composition,constructor_call,composition,owned_component_instantiation,/home/ota/VM/pytorch/pytorch-1.0.0/lib/python3.6/site-packages/torch/nn/modules/batchnorm.py,29,self.bias = Parameter(torch.Tensor(num_features))
torch.nn.modules.batchnorm._BatchNorm,torch.Tensor,constructor_call_composition,constructor_call,composition,owned_component_instantiation,/home/ota/VM/pytorch/pytorch-1.0.0/lib/python3.6/site-packages/torch/nn/modules/batchnorm.py,29,self.bias = Parameter(torch.Tensor(num_features))
torch.nn.modules.container.Container,torch.nn.modules.module.Module,inheritance,inheritance,inheritance,inheritance,/home/ota/VM/pytorch/pytorch-1.0.0/lib/python3.6/site-packages/torch/nn/modules/container.py,11,class Container(Module):
torch.nn.modules.container.ModuleDict,torch.nn.modules.module.Module,inheritance,inheritance,inheritance,inheritance,/home/ota/VM/pytorch/pytorch-1.0.0/lib/python3.6/site-packages/torch/nn/modules/container.py,202,class ModuleDict(Module):
torch.nn.modules.container.ModuleDict,TypeError,constructor_call_exception,constructor_call,control_flow_or_error,exception_instantiation,/home/ota/VM/pytorch/pytorch-1.0.0/lib/python3.6/site-packages/torch/nn/modules/container.py,294,"raise TypeError(""ModuleDict.update should be called with an """
torch.nn.modules.container.ModuleDict,TypeError,constructor_call_exception,constructor_call,control_flow_or_error,exception_instantiation,/home/ota/VM/pytorch/pytorch-1.0.0/lib/python3.6/site-packages/torch/nn/modules/container.py,308,"raise TypeError(""ModuleDict update sequence element """
torch.nn.modules.container.ModuleDict,ValueError,constructor_call_exception,constructor_call,control_flow_or_error,exception_instantiation,/home/ota/VM/pytorch/pytorch-1.0.0/lib/python3.6/site-packages/torch/nn/modules/container.py,312,"raise ValueError(""ModuleDict update sequence element """
torch.nn.modules.container.ModuleList,torch.nn.modules.module.Module,inheritance,inheritance,inheritance,inheritance,/home/ota/VM/pytorch/pytorch-1.0.0/lib/python3.6/site-packages/torch/nn/modules/container.py,96,class ModuleList(Module):
torch.nn.modules.container.ModuleList,IndexError,constructor_call_exception,constructor_call,control_flow_or_error,exception_instantiation,/home/ota/VM/pytorch/pytorch-1.0.0/lib/python3.6/site-packages/torch/nn/modules/container.py,128,raise IndexError('index {} is out of range'.format(idx))
torch.nn.modules.container.ModuleList,collections.OrderedDict,constructor_call_composition,constructor_call,composition,owned_component_instantiation,/home/ota/VM/pytorch/pytorch-1.0.0/lib/python3.6/site-packages/torch/nn/modules/container.py,151,"self._modules = OrderedDict(list(zip(str_indices, self._modules.values())))"
torch.nn.modules.container.ModuleList,TypeError,constructor_call_exception,constructor_call,control_flow_or_error,exception_instantiation,/home/ota/VM/pytorch/pytorch-1.0.0/lib/python3.6/site-packages/torch/nn/modules/container.py,194,"raise TypeError(""ModuleList.extend should be called with an """
torch.nn.modules.container.ParameterDict,torch.nn.modules.module.Module,inheritance,inheritance,inheritance,inheritance,/home/ota/VM/pytorch/pytorch-1.0.0/lib/python3.6/site-packages/torch/nn/modules/container.py,415,class ParameterDict(Module):
torch.nn.modules.container.ParameterDict,TypeError,constructor_call_exception,constructor_call,control_flow_or_error,exception_instantiation,/home/ota/VM/pytorch/pytorch-1.0.0/lib/python3.6/site-packages/torch/nn/modules/container.py,504,"raise TypeError(""ParametersDict.update should be called with an """
torch.nn.modules.container.ParameterDict,TypeError,constructor_call_exception,constructor_call,control_flow_or_error,exception_instantiation,/home/ota/VM/pytorch/pytorch-1.0.0/lib/python3.6/site-packages/torch/nn/modules/container.py,518,"raise TypeError(""ParameterDict update sequence element """
torch.nn.modules.container.ParameterDict,ValueError,constructor_call_exception,constructor_call,control_flow_or_error,exception_instantiation,/home/ota/VM/pytorch/pytorch-1.0.0/lib/python3.6/site-packages/torch/nn/modules/container.py,522,"raise ValueError(""ParameterDict update sequence element """
torch.nn.modules.container.ParameterList,torch.nn.modules.module.Module,inheritance,inheritance,inheritance,inheritance,/home/ota/VM/pytorch/pytorch-1.0.0/lib/python3.6/site-packages/torch/nn/modules/container.py,318,class ParameterList(Module):
torch.nn.modules.container.ParameterList,IndexError,constructor_call_exception,constructor_call,control_flow_or_error,exception_instantiation,/home/ota/VM/pytorch/pytorch-1.0.0/lib/python3.6/site-packages/torch/nn/modules/container.py,350,raise IndexError('index {} is out of range'.format(idx))
torch.nn.modules.container.ParameterList,TypeError,constructor_call_exception,constructor_call,control_flow_or_error,exception_instantiation,/home/ota/VM/pytorch/pytorch-1.0.0/lib/python3.6/site-packages/torch/nn/modules/container.py,396,"raise TypeError(""ParameterList.extend should be called with an """
torch.nn.modules.container.Sequential,torch.nn.modules.module.Module,inheritance,inheritance,inheritance,inheritance,/home/ota/VM/pytorch/pytorch-1.0.0/lib/python3.6/site-packages/torch/nn/modules/container.py,22,class Sequential(Module):
torch.nn.modules.container.Sequential,IndexError,constructor_call_exception,constructor_call,control_flow_or_error,exception_instantiation,/home/ota/VM/pytorch/pytorch-1.0.0/lib/python3.6/site-packages/torch/nn/modules/container.py,60,raise IndexError('index {} is out of range'.format(idx))
torch.nn.modules.container.Sequential,collections.OrderedDict,constructor_call_external,constructor_call,external_dependency,external_constructor_call,/home/ota/VM/pytorch/pytorch-1.0.0/lib/python3.6/site-packages/torch/nn/modules/container.py,66,return self.__class__(OrderedDict(list(self._modules.items())[idx]))
torch.nn.modules.conv.Conv1d,torch.nn.modules.conv._ConvNd,inheritance,inheritance,inheritance,inheritance,/home/ota/VM/pytorch/pytorch-1.0.0/lib/python3.6/site-packages/torch/nn/modules/conv.py,70,class Conv1d(_ConvNd):
torch.nn.modules.conv.Conv2d,torch.nn.modules.conv._ConvNd,inheritance,inheritance,inheritance,inheritance,/home/ota/VM/pytorch/pytorch-1.0.0/lib/python3.6/site-packages/torch/nn/modules/conv.py,191,class Conv2d(_ConvNd):
torch.nn.modules.conv.Conv3d,torch.nn.modules.conv._ConvNd,inheritance,inheritance,inheritance,inheritance,/home/ota/VM/pytorch/pytorch-1.0.0/lib/python3.6/site-packages/torch/nn/modules/conv.py,324,class Conv3d(_ConvNd):
torch.nn.modules.conv.ConvTranspose1d,torch.nn.modules.conv._ConvTransposeMixin,inheritance,inheritance,inheritance,inheritance,/home/ota/VM/pytorch/pytorch-1.0.0/lib/python3.6/site-packages/torch/nn/modules/conv.py,510,"class ConvTranspose1d(_ConvTransposeMixin, _ConvNd):"
torch.nn.modules.conv.ConvTranspose1d,torch.nn.modules.conv._ConvNd,inheritance,inheritance,inheritance,inheritance,/home/ota/VM/pytorch/pytorch-1.0.0/lib/python3.6/site-packages/torch/nn/modules/conv.py,510,"class ConvTranspose1d(_ConvTransposeMixin, _ConvNd):"
torch.nn.modules.conv.ConvTranspose2d,torch.nn.modules.conv._ConvTransposeMixin,inheritance,inheritance,inheritance,inheritance,/home/ota/VM/pytorch/pytorch-1.0.0/lib/python3.6/site-packages/torch/nn/modules/conv.py,618,"class ConvTranspose2d(_ConvTransposeMixin, _ConvNd):"
torch.nn.modules.conv.ConvTranspose2d,torch.nn.modules.conv._ConvNd,inheritance,inheritance,inheritance,inheritance,/home/ota/VM/pytorch/pytorch-1.0.0/lib/python3.6/site-packages/torch/nn/modules/conv.py,618,"class ConvTranspose2d(_ConvTransposeMixin, _ConvNd):"
torch.nn.modules.conv.ConvTranspose3d,torch.nn.modules.conv._ConvTransposeMixin,inheritance,inheritance,inheritance,inheritance,/home/ota/VM/pytorch/pytorch-1.0.0/lib/python3.6/site-packages/torch/nn/modules/conv.py,761,"class ConvTranspose3d(_ConvTransposeMixin, _ConvNd):"
torch.nn.modules.conv.ConvTranspose3d,torch.nn.modules.conv._ConvNd,inheritance,inheritance,inheritance,inheritance,/home/ota/VM/pytorch/pytorch-1.0.0/lib/python3.6/site-packages/torch/nn/modules/conv.py,761,"class ConvTranspose3d(_ConvTransposeMixin, _ConvNd):"
torch.nn.modules.conv._ConvNd,torch.nn.modules.module.Module,inheritance,inheritance,inheritance,inheritance,/home/ota/VM/pytorch/pytorch-1.0.0/lib/python3.6/site-packages/torch/nn/modules/conv.py,13,class _ConvNd(Module):
torch.nn.modules.conv._ConvNd,ValueError,constructor_call_exception,constructor_call,control_flow_or_error,exception_instantiation,/home/ota/VM/pytorch/pytorch-1.0.0/lib/python3.6/site-packages/torch/nn/modules/conv.py,21,raise ValueError('in_channels must be divisible by groups')
torch.nn.modules.conv._ConvNd,ValueError,constructor_call_exception,constructor_call,control_flow_or_error,exception_instantiation,/home/ota/VM/pytorch/pytorch-1.0.0/lib/python3.6/site-packages/torch/nn/modules/conv.py,23,raise ValueError('out_channels must be divisible by groups')
torch.nn.modules.conv._ConvNd,torch.nn.parameter.Parameter,constructor_call_composition,constructor_call,composition,owned_component_instantiation,/home/ota/VM/pytorch/pytorch-1.0.0/lib/python3.6/site-packages/torch/nn/modules/conv.py,34,self.weight = Parameter(torch.Tensor(
torch.nn.modules.conv._ConvNd,torch.Tensor,constructor_call_composition,constructor_call,composition,owned_component_instantiation,/home/ota/VM/pytorch/pytorch-1.0.0/lib/python3.6/site-packages/torch/nn/modules/conv.py,34,self.weight = Parameter(torch.Tensor(
torch.nn.modules.conv._ConvNd,torch.nn.parameter.Parameter,constructor_call_composition,constructor_call,composition,owned_component_instantiation,/home/ota/VM/pytorch/pytorch-1.0.0/lib/python3.6/site-packages/torch/nn/modules/conv.py,37,self.weight = Parameter(torch.Tensor(
torch.nn.modules.conv._ConvNd,torch.Tensor,constructor_call_composition,constructor_call,composition,owned_component_instantiation,/home/ota/VM/pytorch/pytorch-1.0.0/lib/python3.6/site-packages/torch/nn/modules/conv.py,37,self.weight = Parameter(torch.Tensor(
torch.nn.modules.conv._ConvNd,torch.nn.parameter.Parameter,constructor_call_composition,constructor_call,composition,owned_component_instantiation,/home/ota/VM/pytorch/pytorch-1.0.0/lib/python3.6/site-packages/torch/nn/modules/conv.py,40,self.bias = Parameter(torch.Tensor(out_channels))
torch.nn.modules.conv._ConvNd,torch.Tensor,constructor_call_composition,constructor_call,composition,owned_component_instantiation,/home/ota/VM/pytorch/pytorch-1.0.0/lib/python3.6/site-packages/torch/nn/modules/conv.py,40,self.bias = Parameter(torch.Tensor(out_channels))
torch.nn.modules.conv._ConvTransposeMixin,ValueError,constructor_call_exception,constructor_call,control_flow_or_error,exception_instantiation,/home/ota/VM/pytorch/pytorch-1.0.0/lib/python3.6/site-packages/torch/nn/modules/conv.py,479,raise ValueError(
torch.nn.modules.conv._ConvTransposeMixin,ValueError,constructor_call_exception,constructor_call,control_flow_or_error,exception_instantiation,/home/ota/VM/pytorch/pytorch-1.0.0/lib/python3.6/site-packages/torch/nn/modules/conv.py,496,raise ValueError((
torch.nn.modules.distance.CosineSimilarity,torch.nn.modules.module.Module,inheritance,inheritance,inheritance,inheritance,/home/ota/VM/pytorch/pytorch-1.0.0/lib/python3.6/site-packages/torch/nn/modules/distance.py,48,class CosineSimilarity(Module):
torch.nn.modules.distance.PairwiseDistance,torch.nn.modules.module.Module,inheritance,inheritance,inheritance,inheritance,/home/ota/VM/pytorch/pytorch-1.0.0/lib/python3.6/site-packages/torch/nn/modules/distance.py,8,class PairwiseDistance(Module):
torch.nn.modules.dropout.AlphaDropout,torch.nn.modules.dropout._DropoutNd,inheritance,inheritance,inheritance,inheritance,/home/ota/VM/pytorch/pytorch-1.0.0/lib/python3.6/site-packages/torch/nn/modules/dropout.py,150,class AlphaDropout(_DropoutNd):
torch.nn.modules.dropout.Dropout,torch.nn.modules.dropout._DropoutNd,inheritance,inheritance,inheritance,inheritance,/home/ota/VM/pytorch/pytorch-1.0.0/lib/python3.6/site-packages/torch/nn/modules/dropout.py,23,class Dropout(_DropoutNd):
torch.nn.modules.dropout.Dropout2d,torch.nn.modules.dropout._DropoutNd,inheritance,inheritance,inheritance,inheritance,/home/ota/VM/pytorch/pytorch-1.0.0/lib/python3.6/site-packages/torch/nn/modules/dropout.py,62,class Dropout2d(_DropoutNd):
torch.nn.modules.dropout.Dropout3d,torch.nn.modules.dropout._DropoutNd,inheritance,inheritance,inheritance,inheritance,/home/ota/VM/pytorch/pytorch-1.0.0/lib/python3.6/site-packages/torch/nn/modules/dropout.py,106,class Dropout3d(_DropoutNd):
torch.nn.modules.dropout.FeatureAlphaDropout,torch.nn.modules.dropout._DropoutNd,inheritance,inheritance,inheritance,inheritance,/home/ota/VM/pytorch/pytorch-1.0.0/lib/python3.6/site-packages/torch/nn/modules/dropout.py,194,class FeatureAlphaDropout(_DropoutNd):
torch.nn.modules.dropout._DropoutNd,torch.nn.modules.module.Module,inheritance,inheritance,inheritance,inheritance,/home/ota/VM/pytorch/pytorch-1.0.0/lib/python3.6/site-packages/torch/nn/modules/dropout.py,6,class _DropoutNd(Module):
torch.nn.modules.dropout._DropoutNd,ValueError,constructor_call_exception,constructor_call,control_flow_or_error,exception_instantiation,/home/ota/VM/pytorch/pytorch-1.0.0/lib/python3.6/site-packages/torch/nn/modules/dropout.py,12,"raise ValueError(""dropout probability has to be between 0 and 1, """
torch.nn.modules.fold.Fold,torch.nn.modules.module.Module,inheritance,inheritance,inheritance,inheritance,/home/ota/VM/pytorch/pytorch-1.0.0/lib/python3.6/site-packages/torch/nn/modules/fold.py,6,class Fold(Module):
torch.nn.modules.fold.Unfold,torch.nn.modules.module.Module,inheritance,inheritance,inheritance,inheritance,/home/ota/VM/pytorch/pytorch-1.0.0/lib/python3.6/site-packages/torch/nn/modules/fold.py,110,class Unfold(Module):
torch.nn.modules.instancenorm.InstanceNorm1d,torch.nn.modules.instancenorm._InstanceNorm,inheritance,inheritance,inheritance,inheritance,/home/ota/VM/pytorch/pytorch-1.0.0/lib/python3.6/site-packages/torch/nn/modules/instancenorm.py,59,class InstanceNorm1d(_InstanceNorm):
torch.nn.modules.instancenorm.InstanceNorm1d,ValueError,constructor_call_exception,constructor_call,control_flow_or_error,exception_instantiation,/home/ota/VM/pytorch/pytorch-1.0.0/lib/python3.6/site-packages/torch/nn/modules/instancenorm.py,130,raise ValueError('expected 2D or 3D input (got {}D input)'
torch.nn.modules.instancenorm.InstanceNorm2d,torch.nn.modules.instancenorm._InstanceNorm,inheritance,inheritance,inheritance,inheritance,/home/ota/VM/pytorch/pytorch-1.0.0/lib/python3.6/site-packages/torch/nn/modules/instancenorm.py,135,class InstanceNorm2d(_InstanceNorm):
torch.nn.modules.instancenorm.InstanceNorm2d,ValueError,constructor_call_exception,constructor_call,control_flow_or_error,exception_instantiation,/home/ota/VM/pytorch/pytorch-1.0.0/lib/python3.6/site-packages/torch/nn/modules/instancenorm.py,206,raise ValueError('expected 4D input (got {}D input)'
torch.nn.modules.instancenorm.InstanceNorm3d,torch.nn.modules.instancenorm._InstanceNorm,inheritance,inheritance,inheritance,inheritance,/home/ota/VM/pytorch/pytorch-1.0.0/lib/python3.6/site-packages/torch/nn/modules/instancenorm.py,211,class InstanceNorm3d(_InstanceNorm):
torch.nn.modules.instancenorm.InstanceNorm3d,ValueError,constructor_call_exception,constructor_call,control_flow_or_error,exception_instantiation,/home/ota/VM/pytorch/pytorch-1.0.0/lib/python3.6/site-packages/torch/nn/modules/instancenorm.py,282,raise ValueError('expected 5D input (got {}D input)'
torch.nn.modules.instancenorm._InstanceNorm,torch.nn.modules.batchnorm._BatchNorm,inheritance,inheritance,inheritance,inheritance,/home/ota/VM/pytorch/pytorch-1.0.0/lib/python3.6/site-packages/torch/nn/modules/instancenorm.py,6,class _InstanceNorm(_BatchNorm):
torch.nn.modules.linear.Bilinear,torch.nn.modules.module.Module,inheritance,inheritance,inheritance,inheritance,/home/ota/VM/pytorch/pytorch-1.0.0/lib/python3.6/site-packages/torch/nn/modules/linear.py,76,class Bilinear(Module):
torch.nn.modules.linear.Bilinear,torch.nn.parameter.Parameter,constructor_call_composition,constructor_call,composition,owned_component_instantiation,/home/ota/VM/pytorch/pytorch-1.0.0/lib/python3.6/site-packages/torch/nn/modules/linear.py,120,"self.weight = Parameter(torch.Tensor(out_features, in1_features, in2_features))"
torch.nn.modules.linear.Bilinear,torch.Tensor,constructor_call_composition,constructor_call,composition,owned_component_instantiation,/home/ota/VM/pytorch/pytorch-1.0.0/lib/python3.6/site-packages/torch/nn/modules/linear.py,120,"self.weight = Parameter(torch.Tensor(out_features, in1_features, in2_features))"
torch.nn.modules.linear.Bilinear,torch.nn.parameter.Parameter,constructor_call_composition,constructor_call,composition,owned_component_instantiation,/home/ota/VM/pytorch/pytorch-1.0.0/lib/python3.6/site-packages/torch/nn/modules/linear.py,123,self.bias = Parameter(torch.Tensor(out_features))
torch.nn.modules.linear.Bilinear,torch.Tensor,constructor_call_composition,constructor_call,composition,owned_component_instantiation,/home/ota/VM/pytorch/pytorch-1.0.0/lib/python3.6/site-packages/torch/nn/modules/linear.py,123,self.bias = Parameter(torch.Tensor(out_features))
torch.nn.modules.linear.Linear,torch.nn.modules.module.Module,inheritance,inheritance,inheritance,inheritance,/home/ota/VM/pytorch/pytorch-1.0.0/lib/python3.6/site-packages/torch/nn/modules/linear.py,12,class Linear(Module):
torch.nn.modules.linear.Linear,torch.nn.parameter.Parameter,constructor_call_composition,constructor_call,composition,owned_component_instantiation,/home/ota/VM/pytorch/pytorch-1.0.0/lib/python3.6/site-packages/torch/nn/modules/linear.py,51,"self.weight = Parameter(torch.Tensor(out_features, in_features))"
torch.nn.modules.linear.Linear,torch.Tensor,constructor_call_composition,constructor_call,composition,owned_component_instantiation,/home/ota/VM/pytorch/pytorch-1.0.0/lib/python3.6/site-packages/torch/nn/modules/linear.py,51,"self.weight = Parameter(torch.Tensor(out_features, in_features))"
torch.nn.modules.linear.Linear,torch.nn.parameter.Parameter,constructor_call_composition,constructor_call,composition,owned_component_instantiation,/home/ota/VM/pytorch/pytorch-1.0.0/lib/python3.6/site-packages/torch/nn/modules/linear.py,53,self.bias = Parameter(torch.Tensor(out_features))
torch.nn.modules.linear.Linear,torch.Tensor,constructor_call_composition,constructor_call,composition,owned_component_instantiation,/home/ota/VM/pytorch/pytorch-1.0.0/lib/python3.6/site-packages/torch/nn/modules/linear.py,53,self.bias = Parameter(torch.Tensor(out_features))
torch.nn.modules.loss.BCELoss,torch.nn.modules.loss._WeightedLoss,inheritance,inheritance,inheritance,inheritance,/home/ota/VM/pytorch/pytorch-1.0.0/lib/python3.6/site-packages/torch/nn/modules/loss.py,439,class BCELoss(_WeightedLoss):
torch.nn.modules.loss.BCEWithLogitsLoss,torch.nn.modules.loss._Loss,inheritance,inheritance,inheritance,inheritance,/home/ota/VM/pytorch/pytorch-1.0.0/lib/python3.6/site-packages/torch/nn/modules/loss.py,508,class BCEWithLogitsLoss(_Loss):
torch.nn.modules.loss.CTCLoss,torch.nn.modules.loss._Loss,inheritance,inheritance,inheritance,inheritance,/home/ota/VM/pytorch/pytorch-1.0.0/lib/python3.6/site-packages/torch/nn/modules/loss.py,1189,class CTCLoss(_Loss):
torch.nn.modules.loss.CosineEmbeddingLoss,torch.nn.modules.loss._Loss,inheritance,inheritance,inheritance,inheritance,/home/ota/VM/pytorch/pytorch-1.0.0/lib/python3.6/site-packages/torch/nn/modules/loss.py,955,class CosineEmbeddingLoss(_Loss):
torch.nn.modules.loss.CrossEntropyLoss,torch.nn.modules.loss._WeightedLoss,inheritance,inheritance,inheritance,inheritance,/home/ota/VM/pytorch/pytorch-1.0.0/lib/python3.6/site-packages/torch/nn/modules/loss.py,816,class CrossEntropyLoss(_WeightedLoss):
torch.nn.modules.loss.HingeEmbeddingLoss,torch.nn.modules.loss._Loss,inheritance,inheritance,inheritance,inheritance,/home/ota/VM/pytorch/pytorch-1.0.0/lib/python3.6/site-packages/torch/nn/modules/loss.py,599,class HingeEmbeddingLoss(_Loss):
torch.nn.modules.loss.KLDivLoss,torch.nn.modules.loss._Loss,inheritance,inheritance,inheritance,inheritance,/home/ota/VM/pytorch/pytorch-1.0.0/lib/python3.6/site-packages/torch/nn/modules/loss.py,290,class KLDivLoss(_Loss):
torch.nn.modules.loss.L1Loss,torch.nn.modules.loss._Loss,inheritance,inheritance,inheritance,inheritance,/home/ota/VM/pytorch/pytorch-1.0.0/lib/python3.6/site-packages/torch/nn/modules/loss.py,28,class L1Loss(_Loss):
torch.nn.modules.loss.MSELoss,torch.nn.modules.loss._Loss,inheritance,inheritance,inheritance,inheritance,/home/ota/VM/pytorch/pytorch-1.0.0/lib/python3.6/site-packages/torch/nn/modules/loss.py,371,class MSELoss(_Loss):
torch.nn.modules.loss.MarginRankingLoss,torch.nn.modules.loss._Loss,inheritance,inheritance,inheritance,inheritance,/home/ota/VM/pytorch/pytorch-1.0.0/lib/python3.6/site-packages/torch/nn/modules/loss.py,1002,class MarginRankingLoss(_Loss):
torch.nn.modules.loss.MultiLabelMarginLoss,torch.nn.modules.loss._Loss,inheritance,inheritance,inheritance,inheritance,/home/ota/VM/pytorch/pytorch-1.0.0/lib/python3.6/site-packages/torch/nn/modules/loss.py,659,class MultiLabelMarginLoss(_Loss):
torch.nn.modules.loss.MultiLabelSoftMarginLoss,torch.nn.modules.loss._WeightedLoss,inheritance,inheritance,inheritance,inheritance,/home/ota/VM/pytorch/pytorch-1.0.0/lib/python3.6/site-packages/torch/nn/modules/loss.py,908,class MultiLabelSoftMarginLoss(_WeightedLoss):
torch.nn.modules.loss.MultiMarginLoss,torch.nn.modules.loss._WeightedLoss,inheritance,inheritance,inheritance,inheritance,/home/ota/VM/pytorch/pytorch-1.0.0/lib/python3.6/site-packages/torch/nn/modules/loss.py,1050,class MultiMarginLoss(_WeightedLoss):
torch.nn.modules.loss.MultiMarginLoss,ValueError,constructor_call_exception,constructor_call,control_flow_or_error,exception_instantiation,/home/ota/VM/pytorch/pytorch-1.0.0/lib/python3.6/site-packages/torch/nn/modules/loss.py,1101,"raise ValueError(""only p == 1 and p == 2 supported"")"
torch.nn.modules.loss.NLLLoss,torch.nn.modules.loss._WeightedLoss,inheritance,inheritance,inheritance,inheritance,/home/ota/VM/pytorch/pytorch-1.0.0/lib/python3.6/site-packages/torch/nn/modules/loss.py,97,class NLLLoss(_WeightedLoss):
torch.nn.modules.loss.NLLLoss2d,torch.nn.modules.loss.NLLLoss,inheritance,inheritance,inheritance,inheritance,/home/ota/VM/pytorch/pytorch-1.0.0/lib/python3.6/site-packages/torch/nn/modules/loss.py,214,class NLLLoss2d(NLLLoss):
torch.nn.modules.loss.PoissonNLLLoss,torch.nn.modules.loss._Loss,inheritance,inheritance,inheritance,inheritance,/home/ota/VM/pytorch/pytorch-1.0.0/lib/python3.6/site-packages/torch/nn/modules/loss.py,224,class PoissonNLLLoss(_Loss):
torch.nn.modules.loss.SmoothL1Loss,torch.nn.modules.loss._Loss,inheritance,inheritance,inheritance,inheritance,/home/ota/VM/pytorch/pytorch-1.0.0/lib/python3.6/site-packages/torch/nn/modules/loss.py,714,class SmoothL1Loss(_Loss):
torch.nn.modules.loss.SoftMarginLoss,torch.nn.modules.loss._Loss,inheritance,inheritance,inheritance,inheritance,/home/ota/VM/pytorch/pytorch-1.0.0/lib/python3.6/site-packages/torch/nn/modules/loss.py,774,class SoftMarginLoss(_Loss):
torch.nn.modules.loss.TripletMarginLoss,torch.nn.modules.loss._Loss,inheritance,inheritance,inheritance,inheritance,/home/ota/VM/pytorch/pytorch-1.0.0/lib/python3.6/site-packages/torch/nn/modules/loss.py,1113,class TripletMarginLoss(_Loss):
torch.nn.modules.loss._Loss,torch.nn.modules.module.Module,inheritance,inheritance,inheritance,inheritance,/home/ota/VM/pytorch/pytorch-1.0.0/lib/python3.6/site-packages/torch/nn/modules/loss.py,12,class _Loss(Module):
torch.nn.modules.loss._WeightedLoss,torch.nn.modules.loss._Loss,inheritance,inheritance,inheritance,inheritance,/home/ota/VM/pytorch/pytorch-1.0.0/lib/python3.6/site-packages/torch/nn/modules/loss.py,21,class _WeightedLoss(_Loss):
torch.nn.modules.module.Module,collections.OrderedDict,constructor_call_composition,constructor_call,composition,owned_component_instantiation,/home/ota/VM/pytorch/pytorch-1.0.0/lib/python3.6/site-packages/torch/nn/modules/module.py,64,self._parameters = OrderedDict()
torch.nn.modules.module.Module,collections.OrderedDict,constructor_call_composition,constructor_call,composition,owned_component_instantiation,/home/ota/VM/pytorch/pytorch-1.0.0/lib/python3.6/site-packages/torch/nn/modules/module.py,65,self._buffers = OrderedDict()
torch.nn.modules.module.Module,collections.OrderedDict,constructor_call_composition,constructor_call,composition,owned_component_instantiation,/home/ota/VM/pytorch/pytorch-1.0.0/lib/python3.6/site-packages/torch/nn/modules/module.py,66,self._backward_hooks = OrderedDict()
torch.nn.modules.module.Module,collections.OrderedDict,constructor_call_composition,constructor_call,composition,owned_component_instantiation,/home/ota/VM/pytorch/pytorch-1.0.0/lib/python3.6/site-packages/torch/nn/modules/module.py,67,self._forward_hooks = OrderedDict()
torch.nn.modules.module.Module,collections.OrderedDict,constructor_call_composition,constructor_call,composition,owned_component_instantiation,/home/ota/VM/pytorch/pytorch-1.0.0/lib/python3.6/site-packages/torch/nn/modules/module.py,68,self._forward_pre_hooks = OrderedDict()
torch.nn.modules.module.Module,collections.OrderedDict,constructor_call_composition,constructor_call,composition,owned_component_instantiation,/home/ota/VM/pytorch/pytorch-1.0.0/lib/python3.6/site-packages/torch/nn/modules/module.py,69,self._state_dict_hooks = OrderedDict()
torch.nn.modules.module.Module,collections.OrderedDict,constructor_call_composition,constructor_call,composition,owned_component_instantiation,/home/ota/VM/pytorch/pytorch-1.0.0/lib/python3.6/site-packages/torch/nn/modules/module.py,70,self._load_state_dict_pre_hooks = OrderedDict()
torch.nn.modules.module.Module,collections.OrderedDict,constructor_call_composition,constructor_call,composition,owned_component_instantiation,/home/ota/VM/pytorch/pytorch-1.0.0/lib/python3.6/site-packages/torch/nn/modules/module.py,71,self._modules = OrderedDict()
torch.nn.modules.module.Module,TypeError,constructor_call_exception,constructor_call,control_flow_or_error,exception_instantiation,/home/ota/VM/pytorch/pytorch-1.0.0/lib/python3.6/site-packages/torch/nn/modules/module.py,107,"raise TypeError(""buffer name should be a string. """
torch.nn.modules.module.Module,KeyError,constructor_call_exception,constructor_call,control_flow_or_error,exception_instantiation,/home/ota/VM/pytorch/pytorch-1.0.0/lib/python3.6/site-packages/torch/nn/modules/module.py,110,"raise KeyError(""buffer name can't contain \"".\"""")"
torch.nn.modules.module.Module,KeyError,constructor_call_exception,constructor_call,control_flow_or_error,exception_instantiation,/home/ota/VM/pytorch/pytorch-1.0.0/lib/python3.6/site-packages/torch/nn/modules/module.py,112,"raise KeyError(""buffer name can't be empty string \""\"""")"
torch.nn.modules.module.Module,KeyError,constructor_call_exception,constructor_call,control_flow_or_error,exception_instantiation,/home/ota/VM/pytorch/pytorch-1.0.0/lib/python3.6/site-packages/torch/nn/modules/module.py,114,"raise KeyError(""attribute '{}' already exists"".format(name))"
torch.nn.modules.module.Module,TypeError,constructor_call_exception,constructor_call,control_flow_or_error,exception_instantiation,/home/ota/VM/pytorch/pytorch-1.0.0/lib/python3.6/site-packages/torch/nn/modules/module.py,116,"raise TypeError(""cannot assign '{}' object to buffer '{}' """
torch.nn.modules.module.Module,AttributeError,constructor_call_exception,constructor_call,control_flow_or_error,exception_instantiation,/home/ota/VM/pytorch/pytorch-1.0.0/lib/python3.6/site-packages/torch/nn/modules/module.py,133,raise AttributeError(
torch.nn.modules.module.Module,TypeError,constructor_call_exception,constructor_call,control_flow_or_error,exception_instantiation,/home/ota/VM/pytorch/pytorch-1.0.0/lib/python3.6/site-packages/torch/nn/modules/module.py,137,"raise TypeError(""parameter name should be a string. """
torch.nn.modules.module.Module,KeyError,constructor_call_exception,constructor_call,control_flow_or_error,exception_instantiation,/home/ota/VM/pytorch/pytorch-1.0.0/lib/python3.6/site-packages/torch/nn/modules/module.py,140,"raise KeyError(""parameter name can't contain \"".\"""")"
torch.nn.modules.module.Module,KeyError,constructor_call_exception,constructor_call,control_flow_or_error,exception_instantiation,/home/ota/VM/pytorch/pytorch-1.0.0/lib/python3.6/site-packages/torch/nn/modules/module.py,142,"raise KeyError(""parameter name can't be empty string \""\"""")"
torch.nn.modules.module.Module,KeyError,constructor_call_exception,constructor_call,control_flow_or_error,exception_instantiation,/home/ota/VM/pytorch/pytorch-1.0.0/lib/python3.6/site-packages/torch/nn/modules/module.py,144,"raise KeyError(""attribute '{}' already exists"".format(name))"
torch.nn.modules.module.Module,TypeError,constructor_call_exception,constructor_call,control_flow_or_error,exception_instantiation,/home/ota/VM/pytorch/pytorch-1.0.0/lib/python3.6/site-packages/torch/nn/modules/module.py,149,"raise TypeError(""cannot assign '{}' object to parameter '{}' """
torch.nn.modules.module.Module,ValueError,constructor_call_exception,constructor_call,control_flow_or_error,exception_instantiation,/home/ota/VM/pytorch/pytorch-1.0.0/lib/python3.6/site-packages/torch/nn/modules/module.py,153,raise ValueError(
torch.nn.modules.module.Module,TypeError,constructor_call_exception,constructor_call,control_flow_or_error,exception_instantiation,/home/ota/VM/pytorch/pytorch-1.0.0/lib/python3.6/site-packages/torch/nn/modules/module.py,172,"raise TypeError(""{} is not a Module subclass"".format("
torch.nn.modules.module.Module,TypeError,constructor_call_exception,constructor_call,control_flow_or_error,exception_instantiation,/home/ota/VM/pytorch/pytorch-1.0.0/lib/python3.6/site-packages/torch/nn/modules/module.py,175,"raise TypeError(""module name should be a string. Got {}"".format("
torch.nn.modules.module.Module,KeyError,constructor_call_exception,constructor_call,control_flow_or_error,exception_instantiation,/home/ota/VM/pytorch/pytorch-1.0.0/lib/python3.6/site-packages/torch/nn/modules/module.py,178,"raise KeyError(""attribute '{}' already exists"".format(name))"
torch.nn.modules.module.Module,KeyError,constructor_call_exception,constructor_call,control_flow_or_error,exception_instantiation,/home/ota/VM/pytorch/pytorch-1.0.0/lib/python3.6/site-packages/torch/nn/modules/module.py,180,"raise KeyError(""module name can't contain \"".\"""")"
torch.nn.modules.module.Module,KeyError,constructor_call_exception,constructor_call,control_flow_or_error,exception_instantiation,/home/ota/VM/pytorch/pytorch-1.0.0/lib/python3.6/site-packages/torch/nn/modules/module.py,182,"raise KeyError(""module name can't be empty string \""\"""")"
torch.nn.modules.module.Module,TypeError,constructor_call_exception,constructor_call,control_flow_or_error,exception_instantiation,/home/ota/VM/pytorch/pytorch-1.0.0/lib/python3.6/site-packages/torch/nn/modules/module.py,375,raise TypeError('nn.Module.to only accepts floating point '
torch.nn.modules.module.Module,torch.utils.hooks.RemovableHandle,constructor_call_external,constructor_call,external_dependency,external_constructor_call,/home/ota/VM/pytorch/pytorch-1.0.0/lib/python3.6/site-packages/torch/nn/modules/module.py,412,handle = hooks.RemovableHandle(self._backward_hooks)
torch.nn.modules.module.Module,torch.utils.hooks.RemovableHandle,constructor_call_external,constructor_call,external_dependency,external_constructor_call,/home/ota/VM/pytorch/pytorch-1.0.0/lib/python3.6/site-packages/torch/nn/modules/module.py,431,handle = hooks.RemovableHandle(self._forward_pre_hooks)
torch.nn.modules.module.Module,torch.utils.hooks.RemovableHandle,constructor_call_external,constructor_call,external_dependency,external_constructor_call,/home/ota/VM/pytorch/pytorch-1.0.0/lib/python3.6/site-packages/torch/nn/modules/module.py,450,handle = hooks.RemovableHandle(self._forward_hooks)
torch.nn.modules.module.Module,RuntimeError,constructor_call_exception,constructor_call,control_flow_or_error,exception_instantiation,/home/ota/VM/pytorch/pytorch-1.0.0/lib/python3.6/site-packages/torch/nn/modules/module.py,493,raise RuntimeError(
torch.nn.modules.module.Module,collections.OrderedDict,constructor_call_composition,constructor_call,composition,owned_component_instantiation,/home/ota/VM/pytorch/pytorch-1.0.0/lib/python3.6/site-packages/torch/nn/modules/module.py,515,self._forward_pre_hooks = OrderedDict()
torch.nn.modules.module.Module,collections.OrderedDict,constructor_call_composition,constructor_call,composition,owned_component_instantiation,/home/ota/VM/pytorch/pytorch-1.0.0/lib/python3.6/site-packages/torch/nn/modules/module.py,517,self._state_dict_hooks = OrderedDict()
torch.nn.modules.module.Module,collections.OrderedDict,constructor_call_composition,constructor_call,composition,owned_component_instantiation,/home/ota/VM/pytorch/pytorch-1.0.0/lib/python3.6/site-packages/torch/nn/modules/module.py,519,self._load_state_dict_pre_hooks = OrderedDict()
torch.nn.modules.module.Module,AttributeError,constructor_call_exception,constructor_call,control_flow_or_error,exception_instantiation,/home/ota/VM/pytorch/pytorch-1.0.0/lib/python3.6/site-packages/torch/nn/modules/module.py,534,"raise AttributeError(""'{}' object has no attribute '{}'"".format("
torch.nn.modules.module.Module,AttributeError,constructor_call_exception,constructor_call,control_flow_or_error,exception_instantiation,/home/ota/VM/pytorch/pytorch-1.0.0/lib/python3.6/site-packages/torch/nn/modules/module.py,546,raise AttributeError(
torch.nn.modules.module.Module,TypeError,constructor_call_exception,constructor_call,control_flow_or_error,exception_instantiation,/home/ota/VM/pytorch/pytorch-1.0.0/lib/python3.6/site-packages/torch/nn/modules/module.py,552,"raise TypeError(""cannot assign '{}' as parameter '{}' """
torch.nn.modules.module.Module,AttributeError,constructor_call_exception,constructor_call,control_flow_or_error,exception_instantiation,/home/ota/VM/pytorch/pytorch-1.0.0/lib/python3.6/site-packages/torch/nn/modules/module.py,560,raise AttributeError(
torch.nn.modules.module.Module,TypeError,constructor_call_exception,constructor_call,control_flow_or_error,exception_instantiation,/home/ota/VM/pytorch/pytorch-1.0.0/lib/python3.6/site-packages/torch/nn/modules/module.py,566,"raise TypeError(""cannot assign '{}' as child module '{}' """
torch.nn.modules.module.Module,TypeError,constructor_call_exception,constructor_call,control_flow_or_error,exception_instantiation,/home/ota/VM/pytorch/pytorch-1.0.0/lib/python3.6/site-packages/torch/nn/modules/module.py,574,"raise TypeError(""cannot assign '{}' as buffer '{}' """
torch.nn.modules.module.Module,torch.utils.hooks.RemovableHandle,constructor_call_external,constructor_call,external_dependency,external_constructor_call,/home/ota/VM/pytorch/pytorch-1.0.0/lib/python3.6/site-packages/torch/nn/modules/module.py,598,handle = hooks.RemovableHandle(self._state_dict_hooks)
torch.nn.modules.module.Module,collections.OrderedDict,constructor_call_external,constructor_call,external_dependency,external_constructor_call,/home/ota/VM/pytorch/pytorch-1.0.0/lib/python3.6/site-packages/torch/nn/modules/module.py,619,destination = OrderedDict()
torch.nn.modules.module.Module,collections.OrderedDict,constructor_call_external,constructor_call,external_dependency,external_constructor_call,/home/ota/VM/pytorch/pytorch-1.0.0/lib/python3.6/site-packages/torch/nn/modules/module.py,620,destination._metadata = OrderedDict()
torch.nn.modules.module.Module,torch.utils.hooks.RemovableHandle,constructor_call_external,constructor_call,external_dependency,external_constructor_call,/home/ota/VM/pytorch/pytorch-1.0.0/lib/python3.6/site-packages/torch/nn/modules/module.py,643,handle = hooks.RemovableHandle(self._load_state_dict_pre_hooks)
torch.nn.modules.module.Module,RuntimeError,constructor_call_exception,constructor_call,control_flow_or_error,exception_instantiation,/home/ota/VM/pytorch/pytorch-1.0.0/lib/python3.6/site-packages/torch/nn/modules/module.py,768,raise RuntimeError('Error(s) in loading state_dict for {}:\n\t{}'.format(
torch.nn.modules.normalization.CrossMapLRN2d,torch.nn.modules.module.Module,inheritance,inheritance,inheritance,inheritance,/home/ota/VM/pytorch/pytorch-1.0.0/lib/python3.6/site-packages/torch/nn/modules/normalization.py,58,class CrossMapLRN2d(Module):
torch.nn.modules.normalization.GroupNorm,torch.nn.modules.module.Module,inheritance,inheritance,inheritance,inheritance,/home/ota/VM/pytorch/pytorch-1.0.0/lib/python3.6/site-packages/torch/nn/modules/normalization.py,166,class GroupNorm(Module):
torch.nn.modules.normalization.GroupNorm,torch.nn.parameter.Parameter,constructor_call_composition,constructor_call,composition,owned_component_instantiation,/home/ota/VM/pytorch/pytorch-1.0.0/lib/python3.6/site-packages/torch/nn/modules/normalization.py,218,self.weight = Parameter(torch.Tensor(num_channels))
torch.nn.modules.normalization.GroupNorm,torch.Tensor,constructor_call_composition,constructor_call,composition,owned_component_instantiation,/home/ota/VM/pytorch/pytorch-1.0.0/lib/python3.6/site-packages/torch/nn/modules/normalization.py,218,self.weight = Parameter(torch.Tensor(num_channels))
torch.nn.modules.normalization.GroupNorm,torch.nn.parameter.Parameter,constructor_call_composition,constructor_call,composition,owned_component_instantiation,/home/ota/VM/pytorch/pytorch-1.0.0/lib/python3.6/site-packages/torch/nn/modules/normalization.py,219,self.bias = Parameter(torch.Tensor(num_channels))
torch.nn.modules.normalization.GroupNorm,torch.Tensor,constructor_call_composition,constructor_call,composition,owned_component_instantiation,/home/ota/VM/pytorch/pytorch-1.0.0/lib/python3.6/site-packages/torch/nn/modules/normalization.py,219,self.bias = Parameter(torch.Tensor(num_channels))
torch.nn.modules.normalization.LayerNorm,torch.nn.modules.module.Module,inheritance,inheritance,inheritance,inheritance,/home/ota/VM/pytorch/pytorch-1.0.0/lib/python3.6/site-packages/torch/nn/modules/normalization.py,76,class LayerNorm(Module):
torch.nn.modules.normalization.LayerNorm,torch.Size,constructor_call_composition,constructor_call,composition,owned_component_instantiation,/home/ota/VM/pytorch/pytorch-1.0.0/lib/python3.6/site-packages/torch/nn/modules/normalization.py,139,self.normalized_shape = torch.Size(normalized_shape)
torch.nn.modules.normalization.LayerNorm,torch.nn.parameter.Parameter,constructor_call_composition,constructor_call,composition,owned_component_instantiation,/home/ota/VM/pytorch/pytorch-1.0.0/lib/python3.6/site-packages/torch/nn/modules/normalization.py,143,self.weight = Parameter(torch.Tensor(*normalized_shape))
torch.nn.modules.normalization.LayerNorm,torch.Tensor,constructor_call_composition,constructor_call,composition,owned_component_instantiation,/home/ota/VM/pytorch/pytorch-1.0.0/lib/python3.6/site-packages/torch/nn/modules/normalization.py,143,self.weight = Parameter(torch.Tensor(*normalized_shape))
torch.nn.modules.normalization.LayerNorm,torch.nn.parameter.Parameter,constructor_call_composition,constructor_call,composition,owned_component_instantiation,/home/ota/VM/pytorch/pytorch-1.0.0/lib/python3.6/site-packages/torch/nn/modules/normalization.py,144,self.bias = Parameter(torch.Tensor(*normalized_shape))
torch.nn.modules.normalization.LayerNorm,torch.Tensor,constructor_call_composition,constructor_call,composition,owned_component_instantiation,/home/ota/VM/pytorch/pytorch-1.0.0/lib/python3.6/site-packages/torch/nn/modules/normalization.py,144,self.bias = Parameter(torch.Tensor(*normalized_shape))
torch.nn.modules.normalization.LocalResponseNorm,torch.nn.modules.module.Module,inheritance,inheritance,inheritance,inheritance,/home/ota/VM/pytorch/pytorch-1.0.0/lib/python3.6/site-packages/torch/nn/modules/normalization.py,12,class LocalResponseNorm(Module):
torch.nn.modules.padding.ConstantPad1d,torch.nn.modules.padding._ConstantPadNd,inheritance,inheritance,inheritance,inheritance,/home/ota/VM/pytorch/pytorch-1.0.0/lib/python3.6/site-packages/torch/nn/modules/padding.py,27,class ConstantPad1d(_ConstantPadNd):
torch.nn.modules.padding.ConstantPad2d,torch.nn.modules.padding._ConstantPadNd,inheritance,inheritance,inheritance,inheritance,/home/ota/VM/pytorch/pytorch-1.0.0/lib/python3.6/site-packages/torch/nn/modules/padding.py,76,class ConstantPad2d(_ConstantPadNd):
torch.nn.modules.padding.ConstantPad3d,torch.nn.modules.padding._ConstantPadNd,inheritance,inheritance,inheritance,inheritance,/home/ota/VM/pytorch/pytorch-1.0.0/lib/python3.6/site-packages/torch/nn/modules/padding.py,131,class ConstantPad3d(_ConstantPadNd):
torch.nn.modules.padding.ReflectionPad1d,torch.nn.modules.padding._ReflectionPadNd,inheritance,inheritance,inheritance,inheritance,/home/ota/VM/pytorch/pytorch-1.0.0/lib/python3.6/site-packages/torch/nn/modules/padding.py,179,class ReflectionPad1d(_ReflectionPadNd):
torch.nn.modules.padding.ReflectionPad2d,torch.nn.modules.padding._ReflectionPadNd,inheritance,inheritance,inheritance,inheritance,/home/ota/VM/pytorch/pytorch-1.0.0/lib/python3.6/site-packages/torch/nn/modules/padding.py,221,class ReflectionPad2d(_ReflectionPadNd):
torch.nn.modules.padding.ReplicationPad1d,torch.nn.modules.padding._ReplicationPadNd,inheritance,inheritance,inheritance,inheritance,/home/ota/VM/pytorch/pytorch-1.0.0/lib/python3.6/site-packages/torch/nn/modules/padding.py,283,class ReplicationPad1d(_ReplicationPadNd):
torch.nn.modules.padding.ReplicationPad2d,torch.nn.modules.padding._ReplicationPadNd,inheritance,inheritance,inheritance,inheritance,/home/ota/VM/pytorch/pytorch-1.0.0/lib/python3.6/site-packages/torch/nn/modules/padding.py,322,class ReplicationPad2d(_ReplicationPadNd):
torch.nn.modules.padding.ReplicationPad3d,torch.nn.modules.padding._ReplicationPadNd,inheritance,inheritance,inheritance,inheritance,/home/ota/VM/pytorch/pytorch-1.0.0/lib/python3.6/site-packages/torch/nn/modules/padding.py,371,class ReplicationPad3d(_ReplicationPadNd):
torch.nn.modules.padding.ZeroPad2d,torch.nn.modules.padding.ConstantPad2d,inheritance,inheritance,inheritance,inheritance,/home/ota/VM/pytorch/pytorch-1.0.0/lib/python3.6/site-packages/torch/nn/modules/padding.py,407,class ZeroPad2d(ConstantPad2d):
torch.nn.modules.padding._ConstantPadNd,torch.nn.modules.module.Module,inheritance,inheritance,inheritance,inheritance,/home/ota/VM/pytorch/pytorch-1.0.0/lib/python3.6/site-packages/torch/nn/modules/padding.py,11,class _ConstantPadNd(Module):
torch.nn.modules.padding._ReflectionPadNd,torch.nn.modules.module.Module,inheritance,inheritance,inheritance,inheritance,/home/ota/VM/pytorch/pytorch-1.0.0/lib/python3.6/site-packages/torch/nn/modules/padding.py,167,class _ReflectionPadNd(Module):
torch.nn.modules.padding._ReplicationPadNd,torch.nn.modules.module.Module,inheritance,inheritance,inheritance,inheritance,/home/ota/VM/pytorch/pytorch-1.0.0/lib/python3.6/site-packages/torch/nn/modules/padding.py,271,class _ReplicationPadNd(Module):
torch.nn.modules.pixelshuffle.PixelShuffle,torch.nn.modules.module.Module,inheritance,inheritance,inheritance,inheritance,/home/ota/VM/pytorch/pytorch-1.0.0/lib/python3.6/site-packages/torch/nn/modules/pixelshuffle.py,7,class PixelShuffle(Module):
torch.nn.modules.pooling.AdaptiveAvgPool1d,torch.nn.modules.pooling._AdaptiveAvgPoolNd,inheritance,inheritance,inheritance,inheritance,/home/ota/VM/pytorch/pytorch-1.0.0/lib/python3.6/site-packages/torch/nn/modules/pooling.py,949,class AdaptiveAvgPool1d(_AdaptiveAvgPoolNd):
torch.nn.modules.pooling.AdaptiveAvgPool2d,torch.nn.modules.pooling._AdaptiveAvgPoolNd,inheritance,inheritance,inheritance,inheritance,/home/ota/VM/pytorch/pytorch-1.0.0/lib/python3.6/site-packages/torch/nn/modules/pooling.py,972,class AdaptiveAvgPool2d(_AdaptiveAvgPoolNd):
torch.nn.modules.pooling.AdaptiveAvgPool3d,torch.nn.modules.pooling._AdaptiveAvgPoolNd,inheritance,inheritance,inheritance,inheritance,/home/ota/VM/pytorch/pytorch-1.0.0/lib/python3.6/site-packages/torch/nn/modules/pooling.py,1006,class AdaptiveAvgPool3d(_AdaptiveAvgPoolNd):
torch.nn.modules.pooling.AdaptiveMaxPool1d,torch.nn.modules.pooling._AdaptiveMaxPoolNd,inheritance,inheritance,inheritance,inheritance,/home/ota/VM/pytorch/pytorch-1.0.0/lib/python3.6/site-packages/torch/nn/modules/pooling.py,839,class AdaptiveMaxPool1d(_AdaptiveMaxPoolNd):
torch.nn.modules.pooling.AdaptiveMaxPool2d,torch.nn.modules.pooling._AdaptiveMaxPoolNd,inheritance,inheritance,inheritance,inheritance,/home/ota/VM/pytorch/pytorch-1.0.0/lib/python3.6/site-packages/torch/nn/modules/pooling.py,864,class AdaptiveMaxPool2d(_AdaptiveMaxPoolNd):
torch.nn.modules.pooling.AdaptiveMaxPool3d,torch.nn.modules.pooling._AdaptiveMaxPoolNd,inheritance,inheritance,inheritance,inheritance,/home/ota/VM/pytorch/pytorch-1.0.0/lib/python3.6/site-packages/torch/nn/modules/pooling.py,900,class AdaptiveMaxPool3d(_AdaptiveMaxPoolNd):
torch.nn.modules.pooling.AvgPool1d,torch.nn.modules.pooling._AvgPoolNd,inheritance,inheritance,inheritance,inheritance,/home/ota/VM/pytorch/pytorch-1.0.0/lib/python3.6/site-packages/torch/nn/modules/pooling.py,445,class AvgPool1d(_AvgPoolNd):
torch.nn.modules.pooling.AvgPool2d,torch.nn.modules.pooling._AvgPoolNd,inheritance,inheritance,inheritance,inheritance,/home/ota/VM/pytorch/pytorch-1.0.0/lib/python3.6/site-packages/torch/nn/modules/pooling.py,503,class AvgPool2d(_AvgPoolNd):
torch.nn.modules.pooling.AvgPool3d,torch.nn.modules.pooling._AvgPoolNd,inheritance,inheritance,inheritance,inheritance,/home/ota/VM/pytorch/pytorch-1.0.0/lib/python3.6/site-packages/torch/nn/modules/pooling.py,569,class AvgPool3d(_AvgPoolNd):
torch.nn.modules.pooling.FractionalMaxPool2d,torch.nn.modules.module.Module,inheritance,inheritance,inheritance,inheritance,/home/ota/VM/pytorch/pytorch-1.0.0/lib/python3.6/site-packages/torch/nn/modules/pooling.py,648,class FractionalMaxPool2d(Module):
torch.nn.modules.pooling.FractionalMaxPool2d,ValueError,constructor_call_exception,constructor_call,control_flow_or_error,exception_instantiation,/home/ota/VM/pytorch/pytorch-1.0.0/lib/python3.6/site-packages/torch/nn/modules/pooling.py,690,"raise ValueError(""FractionalMaxPool2d requires specifying either """
torch.nn.modules.pooling.FractionalMaxPool2d,ValueError,constructor_call_exception,constructor_call,control_flow_or_error,exception_instantiation,/home/ota/VM/pytorch/pytorch-1.0.0/lib/python3.6/site-packages/torch/nn/modules/pooling.py,693,"raise ValueError(""only one of output_size and output_ratio may be specified"")"
torch.nn.modules.pooling.FractionalMaxPool2d,ValueError,constructor_call_exception,constructor_call,control_flow_or_error,exception_instantiation,/home/ota/VM/pytorch/pytorch-1.0.0/lib/python3.6/site-packages/torch/nn/modules/pooling.py,696,"raise ValueError(""output_ratio must be between 0 and 1 (got {})"""
torch.nn.modules.pooling.LPPool1d,torch.nn.modules.pooling._LPPoolNd,inheritance,inheritance,inheritance,inheritance,/home/ota/VM/pytorch/pytorch-1.0.0/lib/python3.6/site-packages/torch/nn/modules/pooling.py,724,class LPPool1d(_LPPoolNd):
torch.nn.modules.pooling.LPPool2d,torch.nn.modules.pooling._LPPoolNd,inheritance,inheritance,inheritance,inheritance,/home/ota/VM/pytorch/pytorch-1.0.0/lib/python3.6/site-packages/torch/nn/modules/pooling.py,767,class LPPool2d(_LPPoolNd):
torch.nn.modules.pooling.MaxPool1d,torch.nn.modules.pooling._MaxPoolNd,inheritance,inheritance,inheritance,inheritance,/home/ota/VM/pytorch/pytorch-1.0.0/lib/python3.6/site-packages/torch/nn/modules/pooling.py,30,class MaxPool1d(_MaxPoolNd):
torch.nn.modules.pooling.MaxPool2d,torch.nn.modules.pooling._MaxPoolNd,inheritance,inheritance,inheritance,inheritance,/home/ota/VM/pytorch/pytorch-1.0.0/lib/python3.6/site-packages/torch/nn/modules/pooling.py,85,class MaxPool2d(_MaxPoolNd):
torch.nn.modules.pooling.MaxPool3d,torch.nn.modules.pooling._MaxPoolNd,inheritance,inheritance,inheritance,inheritance,/home/ota/VM/pytorch/pytorch-1.0.0/lib/python3.6/site-packages/torch/nn/modules/pooling.py,152,class MaxPool3d(_MaxPoolNd):
torch.nn.modules.pooling.MaxUnpool1d,torch.nn.modules.pooling._MaxUnpoolNd,inheritance,inheritance,inheritance,inheritance,/home/ota/VM/pytorch/pytorch-1.0.0/lib/python3.6/site-packages/torch/nn/modules/pooling.py,232,class MaxUnpool1d(_MaxUnpoolNd):
torch.nn.modules.pooling.MaxUnpool2d,torch.nn.modules.pooling._MaxUnpoolNd,inheritance,inheritance,inheritance,inheritance,/home/ota/VM/pytorch/pytorch-1.0.0/lib/python3.6/site-packages/torch/nn/modules/pooling.py,298,class MaxUnpool2d(_MaxUnpoolNd):
torch.nn.modules.pooling.MaxUnpool3d,torch.nn.modules.pooling._MaxUnpoolNd,inheritance,inheritance,inheritance,inheritance,/home/ota/VM/pytorch/pytorch-1.0.0/lib/python3.6/site-packages/torch/nn/modules/pooling.py,372,class MaxUnpool3d(_MaxUnpoolNd):
torch.nn.modules.pooling._AdaptiveAvgPoolNd,torch.nn.modules.module.Module,inheritance,inheritance,inheritance,inheritance,/home/ota/VM/pytorch/pytorch-1.0.0/lib/python3.6/site-packages/torch/nn/modules/pooling.py,937,class _AdaptiveAvgPoolNd(Module):
torch.nn.modules.pooling._AdaptiveMaxPoolNd,torch.nn.modules.module.Module,inheritance,inheritance,inheritance,inheritance,/home/ota/VM/pytorch/pytorch-1.0.0/lib/python3.6/site-packages/torch/nn/modules/pooling.py,823,class _AdaptiveMaxPoolNd(Module):
torch.nn.modules.pooling._AvgPoolNd,torch.nn.modules.module.Module,inheritance,inheritance,inheritance,inheritance,/home/ota/VM/pytorch/pytorch-1.0.0/lib/python3.6/site-packages/torch/nn/modules/pooling.py,435,class _AvgPoolNd(Module):
torch.nn.modules.pooling._LPPoolNd,torch.nn.modules.module.Module,inheritance,inheritance,inheritance,inheritance,/home/ota/VM/pytorch/pytorch-1.0.0/lib/python3.6/site-packages/torch/nn/modules/pooling.py,708,class _LPPoolNd(Module):
torch.nn.modules.pooling._MaxPoolNd,torch.nn.modules.module.Module,inheritance,inheritance,inheritance,inheritance,/home/ota/VM/pytorch/pytorch-1.0.0/lib/python3.6/site-packages/torch/nn/modules/pooling.py,10,class _MaxPoolNd(Module):
torch.nn.modules.pooling._MaxUnpoolNd,torch.nn.modules.module.Module,inheritance,inheritance,inheritance,inheritance,/home/ota/VM/pytorch/pytorch-1.0.0/lib/python3.6/site-packages/torch/nn/modules/pooling.py,223,class _MaxUnpoolNd(Module):
torch.nn.modules.rnn.GRU,torch.nn.modules.rnn.RNNBase,inheritance,inheritance,inheritance,inheritance,/home/ota/VM/pytorch/pytorch-1.0.0/lib/python3.6/site-packages/torch/nn/modules/rnn.py,441,class GRU(RNNBase):
torch.nn.modules.rnn.GRUCell,torch.nn.modules.rnn.RNNCellBase,inheritance,inheritance,inheritance,inheritance,/home/ota/VM/pytorch/pytorch-1.0.0/lib/python3.6/site-packages/torch/nn/modules/rnn.py,736,class GRUCell(RNNCellBase):
torch.nn.modules.rnn.LSTM,torch.nn.modules.rnn.RNNBase,inheritance,inheritance,inheritance,inheritance,/home/ota/VM/pytorch/pytorch-1.0.0/lib/python3.6/site-packages/torch/nn/modules/rnn.py,333,class LSTM(RNNBase):
torch.nn.modules.rnn.LSTMCell,torch.nn.modules.rnn.RNNCellBase,inheritance,inheritance,inheritance,inheritance,/home/ota/VM/pytorch/pytorch-1.0.0/lib/python3.6/site-packages/torch/nn/modules/rnn.py,658,class LSTMCell(RNNCellBase):
torch.nn.modules.rnn.RNN,torch.nn.modules.rnn.RNNBase,inheritance,inheritance,inheritance,inheritance,/home/ota/VM/pytorch/pytorch-1.0.0/lib/python3.6/site-packages/torch/nn/modules/rnn.py,232,class RNN(RNNBase):
torch.nn.modules.rnn.RNN,ValueError,constructor_call_exception,constructor_call,control_flow_or_error,exception_instantiation,/home/ota/VM/pytorch/pytorch-1.0.0/lib/python3.6/site-packages/torch/nn/modules/rnn.py,324,"raise ValueError(""Unknown nonlinearity '{}'"".format("
torch.nn.modules.rnn.RNNBase,torch.nn.modules.module.Module,inheritance,inheritance,inheritance,inheritance,/home/ota/VM/pytorch/pytorch-1.0.0/lib/python3.6/site-packages/torch/nn/modules/rnn.py,21,class RNNBase(Module):
torch.nn.modules.rnn.RNNBase,ValueError,constructor_call_exception,constructor_call,control_flow_or_error,exception_instantiation,/home/ota/VM/pytorch/pytorch-1.0.0/lib/python3.6/site-packages/torch/nn/modules/rnn.py,39,"raise ValueError(""dropout should be a number in range [0, 1] """
torch.nn.modules.rnn.RNNBase,ValueError,constructor_call_exception,constructor_call,control_flow_or_error,exception_instantiation,/home/ota/VM/pytorch/pytorch-1.0.0/lib/python3.6/site-packages/torch/nn/modules/rnn.py,57,"raise ValueError(""Unrecognized RNN mode: "" + mode)"
torch.nn.modules.rnn.RNNBase,torch.nn.parameter.Parameter,constructor_call_temporary,constructor_call,temporary_object,temporary_or_configuration_instantiation,/home/ota/VM/pytorch/pytorch-1.0.0/lib/python3.6/site-packages/torch/nn/modules/rnn.py,64,"w_ih = Parameter(torch.Tensor(gate_size, layer_input_size))"
torch.nn.modules.rnn.RNNBase,torch.Tensor,constructor_call_external,constructor_call,external_dependency,external_constructor_call,/home/ota/VM/pytorch/pytorch-1.0.0/lib/python3.6/site-packages/torch/nn/modules/rnn.py,64,"w_ih = Parameter(torch.Tensor(gate_size, layer_input_size))"
torch.nn.modules.rnn.RNNBase,torch.nn.parameter.Parameter,constructor_call_temporary,constructor_call,temporary_object,temporary_or_configuration_instantiation,/home/ota/VM/pytorch/pytorch-1.0.0/lib/python3.6/site-packages/torch/nn/modules/rnn.py,65,"w_hh = Parameter(torch.Tensor(gate_size, hidden_size))"
torch.nn.modules.rnn.RNNBase,torch.Tensor,constructor_call_external,constructor_call,external_dependency,external_constructor_call,/home/ota/VM/pytorch/pytorch-1.0.0/lib/python3.6/site-packages/torch/nn/modules/rnn.py,65,"w_hh = Parameter(torch.Tensor(gate_size, hidden_size))"
torch.nn.modules.rnn.RNNBase,torch.nn.parameter.Parameter,constructor_call_temporary,constructor_call,temporary_object,temporary_or_configuration_instantiation,/home/ota/VM/pytorch/pytorch-1.0.0/lib/python3.6/site-packages/torch/nn/modules/rnn.py,66,b_ih = Parameter(torch.Tensor(gate_size))
torch.nn.modules.rnn.RNNBase,torch.Tensor,constructor_call_external,constructor_call,external_dependency,external_constructor_call,/home/ota/VM/pytorch/pytorch-1.0.0/lib/python3.6/site-packages/torch/nn/modules/rnn.py,66,b_ih = Parameter(torch.Tensor(gate_size))
torch.nn.modules.rnn.RNNBase,torch.nn.parameter.Parameter,constructor_call_temporary,constructor_call,temporary_object,temporary_or_configuration_instantiation,/home/ota/VM/pytorch/pytorch-1.0.0/lib/python3.6/site-packages/torch/nn/modules/rnn.py,67,b_hh = Parameter(torch.Tensor(gate_size))
torch.nn.modules.rnn.RNNBase,torch.Tensor,constructor_call_external,constructor_call,external_dependency,external_constructor_call,/home/ota/VM/pytorch/pytorch-1.0.0/lib/python3.6/site-packages/torch/nn/modules/rnn.py,67,b_hh = Parameter(torch.Tensor(gate_size))
torch.nn.modules.rnn.RNNBase,RuntimeError,constructor_call_exception,constructor_call,control_flow_or_error,exception_instantiation,/home/ota/VM/pytorch/pytorch-1.0.0/lib/python3.6/site-packages/torch/nn/modules/rnn.py,129,raise RuntimeError(
torch.nn.modules.rnn.RNNBase,RuntimeError,constructor_call_exception,constructor_call,control_flow_or_error,exception_instantiation,/home/ota/VM/pytorch/pytorch-1.0.0/lib/python3.6/site-packages/torch/nn/modules/rnn.py,133,raise RuntimeError(
torch.nn.modules.rnn.RNNBase,RuntimeError,constructor_call_exception,constructor_call,control_flow_or_error,exception_instantiation,/home/ota/VM/pytorch/pytorch-1.0.0/lib/python3.6/site-packages/torch/nn/modules/rnn.py,148,"raise RuntimeError(msg.format(expected_hidden_size, tuple(hx.size())))"
torch.nn.modules.rnn.RNNBase,torch.nn.utils.rnn.PackedSequence,constructor_call_temporary,constructor_call,temporary_object,temporary_or_configuration_instantiation,/home/ota/VM/pytorch/pytorch-1.0.0/lib/python3.6/site-packages/torch/nn/modules/rnn.py,187,"output = PackedSequence(output, batch_sizes)"
torch.nn.modules.rnn.RNNCell,torch.nn.modules.rnn.RNNCellBase,inheritance,inheritance,inheritance,inheritance,/home/ota/VM/pytorch/pytorch-1.0.0/lib/python3.6/site-packages/torch/nn/modules/rnn.py,585,class RNNCell(RNNCellBase):
torch.nn.modules.rnn.RNNCell,RuntimeError,constructor_call_exception,constructor_call,control_flow_or_error,exception_instantiation,/home/ota/VM/pytorch/pytorch-1.0.0/lib/python3.6/site-packages/torch/nn/modules/rnn.py,648,raise RuntimeError(
torch.nn.modules.rnn.RNNCellBase,torch.nn.modules.module.Module,inheritance,inheritance,inheritance,inheritance,/home/ota/VM/pytorch/pytorch-1.0.0/lib/python3.6/site-packages/torch/nn/modules/rnn.py,537,class RNNCellBase(Module):
torch.nn.modules.rnn.RNNCellBase,torch.nn.parameter.Parameter,constructor_call_composition,constructor_call,composition,owned_component_instantiation,/home/ota/VM/pytorch/pytorch-1.0.0/lib/python3.6/site-packages/torch/nn/modules/rnn.py,544,"self.weight_ih = Parameter(torch.Tensor(num_chunks * hidden_size, input_size))"
torch.nn.modules.rnn.RNNCellBase,torch.Tensor,constructor_call_composition,constructor_call,composition,owned_component_instantiation,/home/ota/VM/pytorch/pytorch-1.0.0/lib/python3.6/site-packages/torch/nn/modules/rnn.py,544,"self.weight_ih = Parameter(torch.Tensor(num_chunks * hidden_size, input_size))"
torch.nn.modules.rnn.RNNCellBase,torch.nn.parameter.Parameter,constructor_call_composition,constructor_call,composition,owned_component_instantiation,/home/ota/VM/pytorch/pytorch-1.0.0/lib/python3.6/site-packages/torch/nn/modules/rnn.py,545,"self.weight_hh = Parameter(torch.Tensor(num_chunks * hidden_size, hidden_size))"
torch.nn.modules.rnn.RNNCellBase,torch.Tensor,constructor_call_composition,constructor_call,composition,owned_component_instantiation,/home/ota/VM/pytorch/pytorch-1.0.0/lib/python3.6/site-packages/torch/nn/modules/rnn.py,545,"self.weight_hh = Parameter(torch.Tensor(num_chunks * hidden_size, hidden_size))"
torch.nn.modules.rnn.RNNCellBase,torch.nn.parameter.Parameter,constructor_call_composition,constructor_call,composition,owned_component_instantiation,/home/ota/VM/pytorch/pytorch-1.0.0/lib/python3.6/site-packages/torch/nn/modules/rnn.py,547,self.bias_ih = Parameter(torch.Tensor(num_chunks * hidden_size))
torch.nn.modules.rnn.RNNCellBase,torch.Tensor,constructor_call_composition,constructor_call,composition,owned_component_instantiation,/home/ota/VM/pytorch/pytorch-1.0.0/lib/python3.6/site-packages/torch/nn/modules/rnn.py,547,self.bias_ih = Parameter(torch.Tensor(num_chunks * hidden_size))
torch.nn.modules.rnn.RNNCellBase,torch.nn.parameter.Parameter,constructor_call_composition,constructor_call,composition,owned_component_instantiation,/home/ota/VM/pytorch/pytorch-1.0.0/lib/python3.6/site-packages/torch/nn/modules/rnn.py,548,self.bias_hh = Parameter(torch.Tensor(num_chunks * hidden_size))
torch.nn.modules.rnn.RNNCellBase,torch.Tensor,constructor_call_composition,constructor_call,composition,owned_component_instantiation,/home/ota/VM/pytorch/pytorch-1.0.0/lib/python3.6/site-packages/torch/nn/modules/rnn.py,548,self.bias_hh = Parameter(torch.Tensor(num_chunks * hidden_size))
torch.nn.modules.rnn.RNNCellBase,RuntimeError,constructor_call_exception,constructor_call,control_flow_or_error,exception_instantiation,/home/ota/VM/pytorch/pytorch-1.0.0/lib/python3.6/site-packages/torch/nn/modules/rnn.py,564,raise RuntimeError(
torch.nn.modules.rnn.RNNCellBase,RuntimeError,constructor_call_exception,constructor_call,control_flow_or_error,exception_instantiation,/home/ota/VM/pytorch/pytorch-1.0.0/lib/python3.6/site-packages/torch/nn/modules/rnn.py,570,raise RuntimeError(
torch.nn.modules.rnn.RNNCellBase,RuntimeError,constructor_call_exception,constructor_call,control_flow_or_error,exception_instantiation,/home/ota/VM/pytorch/pytorch-1.0.0/lib/python3.6/site-packages/torch/nn/modules/rnn.py,575,raise RuntimeError(
torch.nn.modules.sparse.Embedding,torch.nn.modules.module.Module,inheritance,inheritance,inheritance,inheritance,/home/ota/VM/pytorch/pytorch-1.0.0/lib/python3.6/site-packages/torch/nn/modules/sparse.py,11,class Embedding(Module):
torch.nn.modules.sparse.Embedding,torch.nn.parameter.Parameter,constructor_call_composition,constructor_call,composition,owned_component_instantiation,/home/ota/VM/pytorch/pytorch-1.0.0/lib/python3.6/site-packages/torch/nn/modules/sparse.py,100,"self.weight = Parameter(torch.Tensor(num_embeddings, embedding_dim))"
torch.nn.modules.sparse.Embedding,torch.Tensor,constructor_call_composition,constructor_call,composition,owned_component_instantiation,/home/ota/VM/pytorch/pytorch-1.0.0/lib/python3.6/site-packages/torch/nn/modules/sparse.py,100,"self.weight = Parameter(torch.Tensor(num_embeddings, embedding_dim))"
torch.nn.modules.sparse.Embedding,torch.nn.parameter.Parameter,constructor_call_composition,constructor_call,composition,owned_component_instantiation,/home/ota/VM/pytorch/pytorch-1.0.0/lib/python3.6/site-packages/torch/nn/modules/sparse.py,105,self.weight = Parameter(_weight)
torch.nn.modules.sparse.EmbeddingBag,torch.nn.modules.module.Module,inheritance,inheritance,inheritance,inheritance,/home/ota/VM/pytorch/pytorch-1.0.0/lib/python3.6/site-packages/torch/nn/modules/sparse.py,170,class EmbeddingBag(Module):
torch.nn.modules.sparse.EmbeddingBag,torch.nn.parameter.Parameter,constructor_call_composition,constructor_call,composition,owned_component_instantiation,/home/ota/VM/pytorch/pytorch-1.0.0/lib/python3.6/site-packages/torch/nn/modules/sparse.py,244,"self.weight = Parameter(torch.Tensor(num_embeddings, embedding_dim))"
torch.nn.modules.sparse.EmbeddingBag,torch.Tensor,constructor_call_composition,constructor_call,composition,owned_component_instantiation,/home/ota/VM/pytorch/pytorch-1.0.0/lib/python3.6/site-packages/torch/nn/modules/sparse.py,244,"self.weight = Parameter(torch.Tensor(num_embeddings, embedding_dim))"
torch.nn.modules.upsampling.Upsample,torch.nn.modules.module.Module,inheritance,inheritance,inheritance,inheritance,/home/ota/VM/pytorch/pytorch-1.0.0/lib/python3.6/site-packages/torch/nn/modules/upsampling.py,10,class Upsample(Module):
torch.nn.modules.upsampling.UpsamplingBilinear2d,torch.nn.modules.upsampling.Upsample,inheritance,inheritance,inheritance,inheritance,/home/ota/VM/pytorch/pytorch-1.0.0/lib/python3.6/site-packages/torch/nn/modules/upsampling.py,187,class UpsamplingBilinear2d(Upsample):
torch.nn.modules.upsampling.UpsamplingNearest2d,torch.nn.modules.upsampling.Upsample,inheritance,inheritance,inheritance,inheritance,/home/ota/VM/pytorch/pytorch-1.0.0/lib/python3.6/site-packages/torch/nn/modules/upsampling.py,142,class UpsamplingNearest2d(Upsample):
torch.nn.parallel._functions.Broadcast,torch.autograd.Function,inheritance,inheritance,inheritance,inheritance,/home/ota/VM/pytorch/pytorch-1.0.0/lib/python3.6/site-packages/torch/nn/parallel/_functions.py,9,class Broadcast(Function):
torch.nn.parallel._functions.Broadcast,TypeError,constructor_call_exception,constructor_call,control_flow_or_error,exception_instantiation,/home/ota/VM/pytorch/pytorch-1.0.0/lib/python3.6/site-packages/torch/nn/parallel/_functions.py,14,raise TypeError('Broadcast function not implemented for CPU tensors')
torch.nn.parallel._functions.Gather,torch.autograd.Function,inheritance,inheritance,inheritance,inheritance,/home/ota/VM/pytorch/pytorch-1.0.0/lib/python3.6/site-packages/torch/nn/parallel/_functions.py,50,class Gather(Function):
torch.nn.parallel._functions.ReduceAddCoalesced,torch.autograd.Function,inheritance,inheritance,inheritance,inheritance,/home/ota/VM/pytorch/pytorch-1.0.0/lib/python3.6/site-packages/torch/nn/parallel/_functions.py,35,class ReduceAddCoalesced(Function):
torch.nn.parallel._functions.Scatter,torch.autograd.Function,inheritance,inheritance,inheritance,inheritance,/home/ota/VM/pytorch/pytorch-1.0.0/lib/python3.6/site-packages/torch/nn/parallel/_functions.py,78,class Scatter(Function):
torch.nn.parallel.data_parallel.DataParallel,torch.nn.modules.module.Module,inheritance,inheritance,inheritance,inheritance,/home/ota/VM/pytorch/pytorch-1.0.0/lib/python3.6/site-packages/torch/nn/parallel/data_parallel.py,35,class DataParallel(Module):
torch.nn.parallel.deprecated.distributed.DistributedDataParallel,torch.nn.modules.module.Module,inheritance,inheritance,inheritance,inheritance,/home/ota/VM/pytorch/pytorch-1.0.0/lib/python3.6/site-packages/torch/nn/parallel/deprecated/distributed.py,27,class DistributedDataParallel(Module):
torch.nn.parallel.deprecated.distributed.DistributedDataParallel,ValueError,constructor_call_exception,constructor_call,control_flow_or_error,exception_instantiation,/home/ota/VM/pytorch/pytorch-1.0.0/lib/python3.6/site-packages/torch/nn/parallel/deprecated/distributed.py,110,"raise ValueError('Invalid backend, only NCCL and GLOO backends are supported by DistributedDataParallel')"
torch.nn.parallel.deprecated.distributed.DistributedDataParallel,RuntimeError,constructor_call_exception,constructor_call,control_flow_or_error,exception_instantiation,/home/ota/VM/pytorch/pytorch-1.0.0/lib/python3.6/site-packages/torch/nn/parallel/deprecated/distributed.py,183,"raise RuntimeError(""DistributedDataParallel currently only """
torch.nn.parallel.deprecated.distributed.DistributedDataParallel,threading.Lock,constructor_call_composition,constructor_call,composition,owned_component_instantiation,/home/ota/VM/pytorch/pytorch-1.0.0/lib/python3.6/site-packages/torch/nn/parallel/deprecated/distributed.py,197,self.dispatch_lock = threading.Lock()
torch.nn.parallel.deprecated.distributed.DistributedDataParallel,threading.Lock,constructor_call_composition,constructor_call,composition,owned_component_instantiation,/home/ota/VM/pytorch/pytorch-1.0.0/lib/python3.6/site-packages/torch/nn/parallel/deprecated/distributed.py,215,self.dispatch_lock = threading.Lock()
torch.nn.parallel.deprecated.distributed.DistributedDataParallel,RuntimeError,constructor_call_exception,constructor_call,control_flow_or_error,exception_instantiation,/home/ota/VM/pytorch/pytorch-1.0.0/lib/python3.6/site-packages/torch/nn/parallel/deprecated/distributed.py,316,"raise RuntimeError(""DistributedDataParallel only works """
torch.nn.parallel.deprecated.distributed.DistributedDataParallel,RuntimeError,constructor_call_exception,constructor_call,control_flow_or_error,exception_instantiation,/home/ota/VM/pytorch/pytorch-1.0.0/lib/python3.6/site-packages/torch/nn/parallel/deprecated/distributed.py,376,"raise RuntimeError(""DistributedDataParallel only works with """
torch.nn.parallel.deprecated.distributed.DistributedDataParallel,torch.cuda.Event,constructor_call_external,constructor_call,external_dependency,external_constructor_call,/home/ota/VM/pytorch/pytorch-1.0.0/lib/python3.6/site-packages/torch/nn/parallel/deprecated/distributed.py,389,event = torch.cuda.Event()
torch.nn.parallel.deprecated.distributed.DistributedDataParallel,threading.Event,constructor_call_external,constructor_call,external_dependency,external_constructor_call,/home/ota/VM/pytorch/pytorch-1.0.0/lib/python3.6/site-packages/torch/nn/parallel/deprecated/distributed.py,406,event = threading.Event()
torch.nn.parallel.deprecated.distributed.DistributedDataParallel,Queue.Queue,constructor_call_composition,constructor_call,composition,owned_component_instantiation,/home/ota/VM/pytorch/pytorch-1.0.0/lib/python3.6/site-packages/torch/nn/parallel/deprecated/distributed.py,429,self._reduction_queues = [queue.Queue() for _ in range(num_buckets)]
torch.nn.parallel.deprecated.distributed.DistributedDataParallel,torch.cuda.Stream,constructor_call_external,constructor_call,external_dependency,external_constructor_call,/home/ota/VM/pytorch/pytorch-1.0.0/lib/python3.6/site-packages/torch/nn/parallel/deprecated/distributed.py,438,self._nccl_streams.append(torch.cuda.Stream())
torch.nn.parallel.deprecated.distributed.DistributedDataParallel,torch.cuda.Stream,constructor_call_external,constructor_call,external_dependency,external_constructor_call,/home/ota/VM/pytorch/pytorch-1.0.0/lib/python3.6/site-packages/torch/nn/parallel/deprecated/distributed.py,442,reduction_streams.append(torch.cuda.Stream())
torch.nn.parallel.deprecated.distributed.DistributedDataParallel,threading.Thread,constructor_call_external,constructor_call,external_dependency,external_constructor_call,/home/ota/VM/pytorch/pytorch-1.0.0/lib/python3.6/site-packages/torch/nn/parallel/deprecated/distributed.py,448,self._reduction_threads.append(threading.Thread(
torch.nn.parallel.deprecated.distributed_cpu.DistributedDataParallelCPU,torch.nn.modules.module.Module,inheritance,inheritance,inheritance,inheritance,/home/ota/VM/pytorch/pytorch-1.0.0/lib/python3.6/site-packages/torch/nn/parallel/deprecated/distributed_cpu.py,10,class DistributedDataParallelCPU(Module):
torch.nn.parallel.distributed.DistributedDataParallel,torch.nn.modules.module.Module,inheritance,inheritance,inheritance,inheritance,/home/ota/VM/pytorch/pytorch-1.0.0/lib/python3.6/site-packages/torch/nn/parallel/distributed.py,19,class DistributedDataParallel(Module):
torch.nn.parallel.distributed.DistributedDataParallel,RuntimeError,constructor_call_exception,constructor_call,control_flow_or_error,exception_instantiation,/home/ota/VM/pytorch/pytorch-1.0.0/lib/python3.6/site-packages/torch/nn/parallel/distributed.py,328,"raise RuntimeError(""DDP Pickling/Unpickling are only supported """
torch.nn.parallel.distributed.DistributedDataParallel,RuntimeError,constructor_call_exception,constructor_call,control_flow_or_error,exception_instantiation,/home/ota/VM/pytorch/pytorch-1.0.0/lib/python3.6/site-packages/torch/nn/parallel/distributed.py,343,"raise RuntimeError(""Not all gradients have been reduced from """
torch.nn.parallel.distributed.DistributedDataParallel,RuntimeError,constructor_call_exception,constructor_call,control_flow_or_error,exception_instantiation,/home/ota/VM/pytorch/pytorch-1.0.0/lib/python3.6/site-packages/torch/nn/parallel/distributed.py,426,"raise RuntimeError(""DistributedDataParallel only works """
torch.nn.parallel.distributed_cpu.DistributedDataParallelCPU,torch.nn.modules.module.Module,inheritance,inheritance,inheritance,inheritance,/home/ota/VM/pytorch/pytorch-1.0.0/lib/python3.6/site-packages/torch/nn/parallel/distributed_cpu.py,10,class DistributedDataParallelCPU(Module):
torch.nn.parameter.Parameter,torch.Tensor,inheritance,inheritance,inheritance,inheritance,/home/ota/VM/pytorch/pytorch-1.0.0/lib/python3.6/site-packages/torch/nn/parameter.py,5,class Parameter(torch.Tensor):
torch.nn.parameter.Parameter,torch.Tensor,constructor_call_external,constructor_call,external_dependency,external_constructor_call,/home/ota/VM/pytorch/pytorch-1.0.0/lib/python3.6/site-packages/torch/nn/parameter.py,25,data = torch.Tensor()
torch.nn.parameter.Parameter,collections.OrderedDict,constructor_call_external,constructor_call,external_dependency,external_constructor_call,/home/ota/VM/pytorch/pytorch-1.0.0/lib/python3.6/site-packages/torch/nn/parameter.py,43,"(self.data, self.requires_grad, OrderedDict())"
torch.nn.utils.rnn.PackedSequence,torch.nn.utils.rnn.PackedSequence_,inheritance,inheritance,inheritance,inheritance,/home/ota/VM/pytorch/pytorch-1.0.0/lib/python3.6/site-packages/torch/nn/utils/rnn.py,10,class PackedSequence(PackedSequence_):
torch.nn.utils.spectral_norm.SpectralNorm,ValueError,constructor_call_exception,constructor_call,control_flow_or_error,exception_instantiation,/home/ota/VM/pytorch/pytorch-1.0.0/lib/python3.6/site-packages/torch/nn/utils/spectral_norm.py,24,"raise ValueError('Expected n_power_iterations to be positive, but '"
torch.nn.utils.spectral_norm.SpectralNorm,torch.nn.parameter.Parameter,constructor_call_temporary,constructor_call,temporary_object,temporary_or_configuration_instantiation,/home/ota/VM/pytorch/pytorch-1.0.0/lib/python3.6/site-packages/torch/nn/utils/spectral_norm.py,97,"module.register_parameter(self.name, torch.nn.Parameter(weight.detach()))"
torch.nn.utils.spectral_norm.SpectralNorm,RuntimeError,constructor_call_exception,constructor_call,control_flow_or_error,exception_instantiation,/home/ota/VM/pytorch/pytorch-1.0.0/lib/python3.6/site-packages/torch/nn/utils/spectral_norm.py,113,"raise RuntimeError(""Cannot register two spectral_norm hooks on """
torch.nn.utils.spectral_norm.SpectralNorm,torch.nn.utils.spectral_norm.SpectralNormStateDictHook,constructor_call_temporary,constructor_call,temporary_object,temporary_or_configuration_instantiation,/home/ota/VM/pytorch/pytorch-1.0.0/lib/python3.6/site-packages/torch/nn/utils/spectral_norm.py,140,module._register_state_dict_hook(SpectralNormStateDictHook(fn))
torch.nn.utils.spectral_norm.SpectralNorm,torch.nn.utils.spectral_norm.SpectralNormLoadStateDictPreHook,constructor_call_temporary,constructor_call,temporary_object,temporary_or_configuration_instantiation,/home/ota/VM/pytorch/pytorch-1.0.0/lib/python3.6/site-packages/torch/nn/utils/spectral_norm.py,141,module._register_load_state_dict_pre_hook(SpectralNormLoadStateDictPreHook(fn))
torch.nn.utils.spectral_norm.SpectralNormStateDictHook,RuntimeError,constructor_call_exception,constructor_call,control_flow_or_error,exception_instantiation,/home/ota/VM/pytorch/pytorch-1.0.0/lib/python3.6/site-packages/torch/nn/utils/spectral_norm.py,187,"raise RuntimeError(""Unexpected key in metadata['spectral_norm']: {}"".format(key))"
torch.nn.utils.weight_norm.WeightNorm,RuntimeError,constructor_call_exception,constructor_call,control_flow_or_error,exception_instantiation,/home/ota/VM/pytorch/pytorch-1.0.0/lib/python3.6/site-packages/torch/nn/utils/weight_norm.py,24,"raise RuntimeError(""Cannot register two weight_norm hooks on """
torch.nn.utils.weight_norm.WeightNorm,torch.nn.parameter.Parameter,constructor_call_temporary,constructor_call,temporary_object,temporary_or_configuration_instantiation,/home/ota/VM/pytorch/pytorch-1.0.0/lib/python3.6/site-packages/torch/nn/utils/weight_norm.py,38,"module.register_parameter(name + '_g', Parameter(norm_except_dim(weight, 2, dim).data))"
torch.nn.utils.weight_norm.WeightNorm,torch.nn.parameter.Parameter,constructor_call_temporary,constructor_call,temporary_object,temporary_or_configuration_instantiation,/home/ota/VM/pytorch/pytorch-1.0.0/lib/python3.6/site-packages/torch/nn/utils/weight_norm.py,39,"module.register_parameter(name + '_v', Parameter(weight.data))"
torch.nn.utils.weight_norm.WeightNorm,torch.nn.parameter.Parameter,constructor_call_temporary,constructor_call,temporary_object,temporary_or_configuration_instantiation,/home/ota/VM/pytorch/pytorch-1.0.0/lib/python3.6/site-packages/torch/nn/utils/weight_norm.py,52,"module.register_parameter(self.name, Parameter(weight.data))"
